"id","start","end","median","mean","q025","q975","q25","q75","iqr","med_lin","q025_lin","q975_lin","med_year","q025_year","q975_year","area"
"126",510,431,0.0117539660639906,0.0515200188836055,0,0.261572250472281,0,0.0528345463159571,0.0528345463159571,0.0644736842105263,0,1.28947368421053,1464.5,435,509,24.8
"126",650,511,0,0,0,0,0,0,0,0,0,0,1373,515,645.525,0.3
"126",800,651,-0.022771837710141,-0.0304662554811972,-0.104848659092211,-0.0132259185090814,-0.0328200858287109,-0.0175363375530494,0.0152837482756615,-0.240712677435144,-1.15744680851064,-0.139130434782609,1221,656,796,0.3
"126",1100,801,0.00179258356548484,0.00239753767641392,0.000982588163662124,0.00740271024058441,0.00137027972924547,0.00250578257956113,0.00113550285031566,0.0779663782096751,0.0427538422131148,0.321073918269231,999.5,810.475,1093.525,54.7
"126",1350,1101,0.00901384245147674,0.0120412094002702,0.00510059599972262,0.037875425867204,0.00678846116128706,0.0135094531262363,0.00672099196494924,0.140394088669951,0.0795984410477283,0.581632653061224,725.5,1106.475,1344.525,34
"126",1500,1351,-0.0143661997867032,-0.0189516755948582,-0.0640685189771115,-0.00835062854977694,-0.0204505521377925,-0.01096112183718,0.00948943030061253,-0.287417218543046,-1.31515151515152,-0.166560243449556,524,1353,1495.525,5.5
"126",1650,1501,-0.00090351346429185,-0.00130467855017518,-0.00407260195321601,-0.000517528703527545,-0.00135363767238961,-0.000674990843810397,0.00067864682857921,-0.0467741935483871,-0.211170634920635,-0.0267868876941458,371.5,1506,1645.525,48.9
"126",1750,1651,0.00527817082815751,0.00810683318355253,0.00284775123267002,0.0262125289499292,0.00373412634416015,0.00847575950038526,0.00474163315622511,0.180417164873123,0.0974591067105345,0.886778846153846,247,1652,1745,54.7
"126",2049,1751,-0.00152752091484742,-0.0019581911286229,-0.00592361014538594,-0.000865161761014274,-0.00221154137743229,-0.00120334023902913,0.00100820113840316,-0.0400560224089636,-0.155677304964539,-0.0226795273312706,56,1757,2036.525,19.7
"126",2449,2050,0.00587609658799959,0.0093178209490179,0.00294400159108364,0.0349804686859955,0.0045315363548632,0.00963502006345796,0.00510348370859476,0.0848137535816619,0.0425549183615247,0.497723163841808,-304,2062.475,2441,34
"126",3049,2450,NA,NA,0.00845287935535826,2.53034833532606,0.0173701703290876,0.099891714255584,0.0825215439264964,NA,0.00956469502296484,1.43333333333333,-684,2456,3010,4.4
"133",510,431,5.45487419800761e-05,0.000201832021736478,0,0.00102201534994428,0,0.000247671110655767,0.000247671110655767,0.000485436893203882,0,0.00909090909090906,1466,433.975,509,9
"133",650,511,0.0237407950725246,0.032111111579751,0.0130798975119975,0.111665043563682,0.01873781062582,0.0327815429902475,0.0140437323644275,0.0590277777777778,0.0326923076923077,0.26630009775171,1368,514,647.525,8.8
"133",800,651,0,0,0,0,0,0,0,0,0,0,1224,654,796,0.3
"133",1100,801,0,0,0,0,0,0,0,0,0,0,990,808,1092.525,0.3
"133",1350,1101,-0.00468196818855859,-0.00663688260469131,-0.0192382571385373,-0.00273200119016116,-0.00678816983386488,-0.00363620221529817,0.0031519676185667,-0.00239234449760766,-0.00990328820116054,-0.00139460559281679,737,1106,1341,0.3
"133",1500,1351,-0.00511457512756774,-0.00654395832123442,-0.021925815833888,-0.00281823744041459,-0.00736268131269102,-0.00379492668350503,0.00356775462918599,-0.00612244897959184,-0.0264705882352941,-0.00336971312337799,527,1352,1497,0.8
"133",1650,1501,0,0,0,0,0,0,0,0,0,0,375,1504,1646.525,1.7
"133",1750,1651,0.000622896123017691,0.000924893159090137,0.000350100679004034,0.00318435499859447,0.0004585781659463,0.000995840520113422,0.000537262354167123,0.00099502487562189,0.000559333041219367,0.00508023106546854,250.5,1654.475,1747,1.7
"133",2049,1751,-0.00133056904735751,-0.00181808371019495,-0.00534194346855669,-0.000791510071610913,-0.00187824839664152,-0.00102961544910291,0.000848632947538619,-0.00254957507082153,-0.010256625727214,-0.0015162460254372,50,1755.95,2037.525,1.5
"133",2449,2050,0.00742297016648252,0.0132665093746781,0.00348970157303906,0.0602567750164385,0.00546123411950428,0.0118464284097801,0.00638519429027584,0.00654761904761905,0.00308421125111891,0.0518023255813953,-306,2059.475,2439,2.4
"133",3049,2450,NA,NA,0.00134647621755489,0.259921049894873,0.0028216448329399,0.0186662308811127,0.0158445860481728,NA,0.000194124788851351,0.0333333333333333,-697,2454,3026.05,0.2
"148",510,431,0.00445477613004841,0.0177056739417734,0,0.0988928027655247,0,0.0192440967575702,0.0192440967575702,0.0247524752475248,0,0.526315789473684,1467,433,509,12
"148",650,511,-0.00444739955218842,-0.00629982443289132,-0.0230980547369805,-0.00246562413609785,-0.00647883266369634,-0.00342648986195526,0.00305234280174108,-0.0125,-0.0655357142857143,-0.00692307692307692,1364.5,513.475,647,2
"148",800,651,-0.00532181500271517,-0.00746425660672131,-0.0263460439035266,-0.0031168287420702,-0.007903750067903,-0.00417122839070413,0.00373252167719887,-0.0399134199134199,-0.199725581395349,-0.0233502538071066,1226,655,796,3.8
"148",1100,801,0.00238969773246978,0.00352251366262506,0.00132068140445418,0.0118667966675216,0.00187466465922626,0.00339857227990614,0.00152390762067989,0.0228361732146733,0.0126272912423625,0.112867063492063,997,814,1092,13
"148",1350,1101,0.00853940602204895,0.0114853199876987,0.00482292204004432,0.0367984192662507,0.00651168234369842,0.0125573337115956,0.0060456513678972,0.0274516400336417,0.0155329332102185,0.116666666666667,729,1109,1343,6.8
"148",1500,1351,-0.0147596153507358,-0.0205478546646633,-0.0649344053559706,-0.00815520489282747,-0.0212807251718871,-0.0114583459678316,0.00982237920405546,-0.0657718120805369,-0.296969696969697,-0.0362202738902253,524,1353.475,1497,1.2
"148",1650,1501,0,0,0,0,0,0,0,0,0,0,377,1505,1646,11
"148",1750,1651,0.00624152097023667,0.00875141487362353,0.00337278402962514,0.0291329556562247,0.00441989584552327,0.0101265525697491,0.00570665672422582,0.0397935473532397,0.0215343220869456,0.183655700510493,251,1653,1746.525,11
"148",2049,1751,0.00193285719272951,0.00265471102886934,0.00108850918038334,0.00849667658257276,0.00145885258043577,0.00269174703096586,0.0012328944505301,0.00465794291138382,0.0026242765230032,0.0204090909090909,57.5,1759,2041,3.3
"148",2449,2050,0,0,0,0,0,0,0,0,0,0,-293,2059.475,2442,1.7
"148",3049,2450,NA,NA,0.0061358133902742,1.57128159065824,0.0123543623561712,0.0733990906597148,0.0610447283035437,NA,0.00345448862390543,0.533333333333333,-666,2451.975,3026.05,1.7
"160",510,431,0.00048651960674928,0.0018333775495922,0,0.00867344122667876,0,0.00214145774505387,0.00214145774505387,0.045343137254902,0,0.805261857707509,1468,433,509,102.8
"160",650,511,0.00687428750275054,0.00966146886709184,0.00387466531456739,0.0329941874042695,0.00531728863696385,0.00979156538669068,0.00447427674972684,0.364509365389992,0.205761286011286,1.72715625,1369,514,645,84.3
"160",800,651,0.00722872347741954,0.0104279826377087,0.00395425178455167,0.030191360698667,0.00525003536966706,0.0112166547187533,0.00596661934908627,0.110762331838565,0.0606879606879607,0.457407407407407,1222,654.475,797,30.9
"160",1100,801,0,0,0,0,0,0,0,0,0,0,998.5,808,1091.525,6.2
"160",1350,1101,0.00575968147513928,0.0080654053203246,0.00314731385473107,0.027304257419049,0.00422272256481554,0.00841597323271404,0.0041932506678985,0.0213197969543147,0.0116651363050641,0.1,720,1106,1343.525,6.2
"160",1500,1351,-0.0104010260826999,-0.0138251248039823,-0.0426426139467457,-0.00593348728926115,-0.0142475021961246,-0.00803473138036037,0.00621277081576427,-0.0513157894736842,-0.213885135135135,-0.0292084221748401,525,1355,1496,2
"160",1650,1501,0,0,0,0,0,0,0,0,0,0,373,1505,1645,9.8
"160",1750,1651,0.00258726837596734,0.00363097517856935,0.00143602208592384,0.0114679644847726,0.00188010261406624,0.00401976132381043,0.0021396587097442,0.0197049116676374,0.0109431843700876,0.0869565217391305,252.5,1653.475,1747,9.8
"160",2049,1751,0,0,0,0,0,0,0,0,0,0,48,1757.475,2043,5.8
"160",2449,2050,NA,NA,0.0121753098437745,6.61577310586391,0.025784902653956,0.150291370833656,0.1245064681797,NA,0.0169883395522388,2.85,-236,2053,2430.075,5.8
"200",2449,2050,NA,NA,-1,0,-1,0,1,NA,-0.1,0,-230,2051,2413.525,0.1
"334",510,431,-0.000739868127994259,-0.00259581908028638,-0.0149295692543018,0,-0.00304396278745464,0,0.00304396278745464,-0.0113989637305699,-0.231578947368421,0,1467,435,509,13.3
"334",650,511,0.0102085446052411,0.0139449008379819,0.00584293839995371,0.0439556316863396,0.00801330488648977,0.0147332566838054,0.00671995179731566,0.0944444444444444,0.0541733333333333,0.4,1372,513,646.525,17.7
"334",800,651,0.0135753593241867,0.0175546991320292,0.00761696454705271,0.0553120565661358,0.0102563778823646,0.0199706067960174,0.00971422891365287,0.0174107142857143,0.00979782579875381,0.0695070754716979,1227,653,795,4.1
"334",1100,801,-0.00250825189433979,-0.00340484333282623,-0.0104472741455353,-0.00143974230083923,-0.00370477179606404,-0.00201147687651496,0.00169329491954909,-0.00072463768115942,-0.00303030303030303,-0.000415721158210039,998.5,809.475,1092,0.2
"334",1350,1101,0,0,0,0,0,0,0,0,0,0,732,1107,1341.525,0.4
"334",1500,1351,-0.0289450506201387,-0.036738337469592,-0.1170041426979,-0.0165452798858274,-0.0397952691863044,-0.0226583519770527,0.0171369172092517,-0.239484708839548,-1.01458333333333,-0.136029411764706,525.5,1353,1495,0.4
"334",1650,1501,0,0,0,0,0,0,0,0,0,0,368,1504.475,1645,37.4
"334",1750,1651,0.0143482402850683,0.0203774396133496,0.00724612092980952,0.0747357430344975,0.0101117430674532,0.023532976070316,0.0134212330028628,0.188077262044653,0.0953172949922639,0.951514639639639,251,1653,1748,37.4
"334",2049,1751,0.00170024917722245,0.00217125361948427,0.000929004187652849,0.00640549444930622,0.00125674345322535,0.00228306130869399,0.00102631785546864,0.00346820809248555,0.0018957345971564,0.0130353795688847,63,1760,2040.525,2.7
"334",2449,2050,0.00584889730290261,0.0092903205748038,0.00283754226596487,0.0296602383376015,0.00427572099188911,0.0097698928189236,0.00549417182703449,0.0037626706877775,0.00182816799435034,0.0188581932773109,-295,2061.475,2437.05,1.5
"334",3049,2450,NA,NA,0.00141106148857467,0.414213562373095,0.00300514356316772,0.0159711436275515,0.0129660000643838,NA,0.000203429647721157,0.05,-692.5,2453,3028,0.2
"341",510,431,0.00244524518186051,0.00988669206216814,0,0.0629881728602464,0,0.0109002478540223,0.0109002478540223,0.02025,0,0.507093749999999,1463,435,509,13
"341",650,511,-0.000132903715660215,-0.000172930805093168,-0.000470520460916163,-7.82880031872352e-05,-0.000177201028898177,-0.000107455435386816,6.97455935113611e-05,-0.000657894736842103,-0.00232954545454545,-0.000387527605426437,1369.5,515,647,4.9
"341",800,651,0.0180653291036046,0.0305249699394185,0.00981510856932359,0.0878300145381768,0.0133040151738635,0.0283370896136759,0.0150330744398124,0.0224257467219639,0.0122339619700748,0.105445189639223,1214.5,656,797,5
"341",1100,801,-0.00824847330177925,-0.011593003408265,-0.0425878409533969,-0.00485572437327987,-0.0117689163865072,-0.0065386011955777,0.00523031519092954,-0.00323741007194245,-0.0170135467980296,-0.00190255578202103,1005,804.475,1093.525,0.1
"341",1350,1101,-0.0123469024447616,-0.0173603610696614,-0.0673367638585741,-0.00707278115117148,-0.0180537285071344,-0.0096427797901163,0.00841094871701806,-0.0559405940594059,-0.313888888888889,-0.0319598471510884,728.5,1107.475,1343,1
"341",1500,1351,-0.000425672671809929,-0.000591113275031009,-0.0021768229410972,-0.00023775651569824,-0.000599943465038111,-0.000315015211429404,0.000284928253608707,-0.0054054054054054,-0.0276666666666666,-0.0030188679245283,529,1355,1496,12.3
"341",1650,1501,0,0,0,0,0,0,0,0,0,0,379,1502,1645.525,13.1
"341",1750,1651,0,0,0,0,0,0,0,0,0,0,247,1653,1747,13.1
"341",2049,1751,0.00780389445495477,0.0124977107178184,0.00348643402652904,0.0440486996987945,0.00564439607658557,0.012794174016689,0.00714977794010346,0.0467093400649116,0.0209125475285171,0.259011627906977,42,1760,2040.525,13.1
"341",2449,2050,NA,NA,0.00945362487115582,3.58257569495584,0.020784140917022,0.120579639315488,0.0997954983984662,NA,0.00618107978977544,1,-229,2052,2420,2.1
