"start","end","median","mean","q025","q975","q25","q75","iqr","med_lin","q025_lin","q975_lin","med_year","q025_year","q975_year","area"
510,431,0,0.0130919625630982,-0.0045990788656568,0.0923228186225238,0,0.00652596291974472,0.00652596291974472,0,-0.0709677419354838,0.675,1466,434,509,174899.999999996
650,511,0.00175767254315029,0.00820745434114005,-0.00830383771954496,0.0466769399258266,-0.000132903715660215,0.012510854818763,0.0126437585344232,0.0150709219858156,-0.0233843130553657,0.702631578947368,1369,514,646,59000.0000000015
800,651,0.00182441667079614,0.0034295232702063,-0.0431672652428469,0.0454202240833102,-0.00531605835518359,0.0129914638822541,0.0183075222374377,0.00444191343963554,-0.457239709443099,0.228757139148494,1222,654,796,22199.9999999994
1100,801,0,-0.00151296590034205,-0.0163183835028842,0.0054604571481911,-0.00250825189433979,0.00158099325418215,0.00408924514852194,0,-0.00642857142857143,0.140840438915292,998.5,808,1093,37249.9999999997
1350,1101,0.0014415168755495,0.00126578183899013,-0.025283047967249,0.0249352671439704,-0.00468196818855859,0.00778845019443736,0.012470418382996,0.00534351145038168,-0.106629155435759,0.259150333611343,729,1107,1343,24349.9999999999
1500,1351,-0.0113555169055807,-0.0161996773548935,-0.0640807230957585,-0.000286381566008242,-0.020493393067751,-0.0051495161121462,0.0153438769556048,-0.0590909090909091,-0.678624705188679,-0.00343319081577701,526,1353,1496,11099.9999999998
1650,1501,0,-0.000217446425029197,-0.00169683621171524,0,0,0,0,0,-0.087878787878788,0,373,1504,1646,60950.0000000005
1750,1651,0.00366063094039437,0.00696525933469753,0,0.0342831951874106,0.000622896123017691,0.00849417386268925,0.00787127773967156,0.0286245353159851,0,0.53888888888889,250,1653,1747,63849.9999999994
2049,1751,0.000435587155603656,0.00225790008789236,-0.00344878794497923,0.0179324319316656,-0.00110908804020016,0.00254458914021938,0.00365367718041953,0.000888888888888889,-0.0715089824120603,0.103798292902067,53,1758,2040,23049.9999999999
2449,2050,0.00521827259928964,0.127381826356042,-1,0.544857660250174,0,0.017549485014295,0.017549485014295,0.00532786885245902,-0.02,0.5,-256,2053,2433,23949.9999999994
3049,2450,0.0151825179503484,0.240738164768406,0.00155517624198778,1,0.00588325459687233,0.0507566386532194,0.0448733840563471,0.00711111111111111,0.000224190222613709,0.533333333333333,-685,2453,3025,3449.99999999983
