id,name,mean,median,q025,q975,q25,q75,mean_n,median_n,q025_n,q975_n,q25_n,q75_n,start,end
0,Göttingen,374.068,375.0,328.0,421.0,348.0,399.0,1.0,1.0,1.0,1.0,1.0,1.0,650.0,275.0
50,Einbeck,373.97,375.0,327.0,421.525,349.0,399.0,1.0,1.0,1.0,1.0,1.0,1.0,650.0,275.0
65,Aachen,376.608,378.5,327.0,422.0,352.0,401.0,1.0,1.0,1.0,1.0,1.0,1.0,653.5,275.0
68,Aalborg,373.87,375.0,327.475,421.525,347.0,397.0,1.0,1.0,1.0,1.0,1.0,1.0,650.0,275.0
69,Aalst (Vlaanderen),375.606,374.0,327.475,423.0,350.0,401.25,1.0,1.0,1.0,1.0,1.0,1.0,649.0,275.0
72,Aarhus,375.73,377.0,327.0,422.0,349.0,403.0,1.0,1.0,1.0,1.0,1.0,1.0,652.0,275.0
132,Olsztyn,273.258,273.0,227.475,322.0,248.0,298.25,1.0,1.0,1.0,1.0,1.0,1.0,548.0,275.0
186,Altenburg ,374.966,374.0,328.0,422.0,351.0,398.0,1.0,1.0,1.0,1.0,1.0,1.0,649.0,275.0
244,Amersfoort,372.88,373.0,327.0,422.0,348.0,396.0,1.0,1.0,1.0,1.0,1.0,1.0,648.0,275.0
250,Amsterdam,376.372,376.0,327.475,420.0,350.0,403.25,1.0,1.0,1.0,1.0,1.0,1.0,651.0,275.0
253,Andernach,377.744,378.5,328.0,423.0,351.0,403.0,1.0,1.0,1.0,1.0,1.0,1.0,653.5,275.0
258,Anklam,373.666,373.0,327.0,423.0,349.75,398.0,1.0,1.0,1.0,1.0,1.0,1.0,648.0,275.0
266,nan,372.37,371.0,327.0,422.0,346.0,395.25,1.0,1.0,1.0,1.0,1.0,1.0,646.0,275.0
268,Antwerpen,375.284,375.0,327.0,422.0,351.0,399.25,1.0,1.0,1.0,1.0,1.0,1.0,650.0,275.0
272,Apeldoorn,375.318,377.0,327.0,422.525,351.0,399.0,1.0,1.0,1.0,1.0,1.0,1.0,652.0,275.0
296,Arnhem,373.944,372.0,326.0,422.525,348.75,400.0,1.0,1.0,1.0,1.0,1.0,1.0,647.0,275.0
317,Aschaffenburg,373.278,373.5,327.0,420.0,348.0,399.0,1.0,1.0,1.0,1.0,1.0,1.0,648.5,275.0
322,Aschersleben,369.944,369.0,326.0,422.0,341.75,396.0,1.0,1.0,1.0,1.0,1.0,1.0,644.0,275.0
355,Ústí nad Labem,374.088,374.0,328.0,422.0,347.75,401.0,1.0,1.0,1.0,1.0,1.0,1.0,649.0,275.0
403,Bamberg,374.726,376.5,327.0,422.0,350.0,399.0,1.0,1.0,1.0,1.0,1.0,1.0,651.5,275.0
476,Bautzen,375.918,376.0,328.0,422.0,351.0,401.0,1.0,1.0,1.0,1.0,1.0,1.0,651.0,275.0
479,Bayreuth,374.196,372.5,328.0,422.0,350.0,400.0,1.0,1.0,1.0,1.0,1.0,1.0,647.5,275.0
485,Beckum (Werse),372.35,374.0,327.0,421.0,347.0,396.0,1.0,1.0,1.0,1.0,1.0,1.0,649.0,275.0
565,Bergen op Zoom,372.666,371.0,326.0,421.525,347.0,399.0,1.0,1.0,1.0,1.0,1.0,1.0,646.0,275.0
573,Bergisch Gladbach,186.928,186.5,151.0,223.0,168.0,207.0,1.0,1.0,1.0,1.0,1.0,1.0,461.5,275.0
579,Berlin,373.43,373.0,327.0,422.525,349.0,397.0,1.0,1.0,1.0,1.0,1.0,1.0,648.0,275.0
586,Bernburg,376.454,377.0,327.475,421.525,352.0,402.0,1.0,1.0,1.0,1.0,1.0,1.0,652.0,275.0
627,Beveren,375.73,377.0,327.0,422.0,353.75,399.25,1.0,1.0,1.0,1.0,1.0,1.0,652.0,275.0
652,Bielefeld,373.648,373.5,327.0,421.525,348.0,398.25,1.0,1.0,1.0,1.0,1.0,1.0,648.5,275.0
679,Bingen,372.78,373.5,328.0,421.0,348.75,398.0,1.0,1.0,1.0,1.0,1.0,1.0,648.5,275.0
752,Bochnia,375.194,376.0,327.0,422.525,351.75,399.0,1.0,1.0,1.0,1.0,1.0,1.0,651.0,275.0
755,Bochum,373.198,372.0,326.475,422.0,348.0,397.0,1.0,1.0,1.0,1.0,1.0,1.0,647.0,275.0
818,Bonn,374.66,376.0,329.0,421.0,349.0,397.0,1.0,1.0,1.0,1.0,1.0,1.0,651.0,275.0
928,Brandenburg (Havel),374.01,373.0,327.0,421.525,349.0,399.0,1.0,1.0,1.0,1.0,1.0,1.0,648.0,275.0
941,Braniewo,373.174,372.0,326.0,422.0,347.75,398.0,1.0,1.0,1.0,1.0,1.0,1.0,647.0,275.0
942,Braunschweig,373.622,373.0,327.0,422.0,351.0,397.0,1.0,1.0,1.0,1.0,1.0,1.0,648.0,275.0
949,Breda,375.652,374.5,327.475,421.525,349.0,403.0,1.0,1.0,1.0,1.0,1.0,1.0,649.5,275.0
973,Bremen,371.824,368.0,327.0,423.0,346.0,397.0,1.0,1.0,1.0,1.0,1.0,1.0,643.0,275.0
981,Wrocław,375.358,375.0,327.475,421.0,351.0,399.0,1.0,1.0,1.0,1.0,1.0,1.0,650.0,275.0
983,Brest,375.068,373.0,328.0,423.0,350.75,403.0,1.0,1.0,1.0,1.0,1.0,1.0,648.0,275.0
989,Brzeg,374.486,375.0,327.0,422.0,350.0,398.25,1.0,1.0,1.0,1.0,1.0,1.0,650.0,275.0
1017,Bydgoszcz,373.358,372.0,325.475,423.0,348.0,401.0,1.0,1.0,1.0,1.0,1.0,1.0,647.0,275.0
1036,Brugge,372.326,373.0,326.475,421.0,349.0,394.25,1.0,1.0,1.0,1.0,1.0,1.0,648.0,275.0
1050,Brussel,374.066,375.0,327.0,423.0,347.0,400.0,1.0,1.0,1.0,1.0,1.0,1.0,650.0,275.0
1127,Burg (bei Magdeburg),374.732,374.0,327.0,421.525,350.0,400.25,1.0,1.0,1.0,1.0,1.0,1.0,649.0,275.0
1177,Celle,374.178,372.0,329.0,421.0,349.0,398.25,1.0,1.0,1.0,1.0,1.0,1.0,647.0,275.0
1190,Chemnitz,374.188,375.0,327.0,421.0,348.0,398.0,1.0,1.0,1.0,1.0,1.0,1.0,650.0,275.0
1234,Clausthal,186.242,185.0,152.0,223.0,168.0,204.25,1.0,1.0,1.0,1.0,1.0,1.0,460.0,275.0
1238,Coburg,372.764,370.0,328.0,421.525,350.0,396.0,1.0,1.0,1.0,1.0,1.0,1.0,645.0,275.0
1239,Coesfeld,375.084,376.5,327.0,423.0,350.0,399.0,1.0,1.0,1.0,1.0,1.0,1.0,651.5,275.0
1251,Cottbus,376.05,378.0,328.475,422.0,350.0,400.0,1.0,1.0,1.0,1.0,1.0,1.0,653.0,275.0
1333,Gdańsk,376.094,376.5,329.0,422.0,350.0,402.0,1.0,1.0,1.0,1.0,1.0,1.0,651.5,275.0
1374,Delft,373.89,373.0,326.475,423.0,348.75,401.0,1.0,1.0,1.0,1.0,1.0,1.0,648.0,275.0
1388,Dendermonde,375.19,376.0,327.0,421.0,349.75,399.25,1.0,1.0,1.0,1.0,1.0,1.0,651.0,275.0
1401,Dessau,376.906,379.0,327.475,421.0,353.75,399.0,1.0,1.0,1.0,1.0,1.0,1.0,654.0,275.0
1417,Deventer,373.8,375.0,327.0,420.525,350.0,397.0,1.0,1.0,1.0,1.0,1.0,1.0,650.0,275.0
1436,Diest,376.282,375.0,327.0,422.0,352.75,402.0,1.0,1.0,1.0,1.0,1.0,1.0,650.0,275.0
1444,Dinant,375.044,377.0,327.0,423.0,349.0,400.0,1.0,1.0,1.0,1.0,1.0,1.0,652.0,275.0
1467,Döbeln,372.594,372.0,327.475,422.525,347.0,397.0,1.0,1.0,1.0,1.0,1.0,1.0,647.0,275.0
1521,Dordrecht,374.1,375.0,325.0,422.0,349.75,399.25,1.0,1.0,1.0,1.0,1.0,1.0,650.0,275.0
1537,Tartu,374.99,376.0,326.0,422.525,350.0,402.0,1.0,1.0,1.0,1.0,1.0,1.0,651.0,275.0
1545,Dortmund,374.17,375.0,326.0,422.0,349.75,400.0,1.0,1.0,1.0,1.0,1.0,1.0,650.0,275.0
1570,Dresden,374.868,372.0,328.0,423.0,351.0,401.0,1.0,1.0,1.0,1.0,1.0,1.0,647.0,275.0
1611,Duisburg,374.046,374.0,328.0,423.0,347.0,401.0,1.0,1.0,1.0,1.0,1.0,1.0,649.0,275.0
1619,Daugavpils,74.132,74.0,51.0,98.0,62.0,86.0,1.0,1.0,1.0,1.0,1.0,1.0,349.0,275.0
1633,Düren,374.118,375.0,326.0,422.0,348.0,399.0,1.0,1.0,1.0,1.0,1.0,1.0,650.0,275.0
1639,Düsseldorf,373.862,373.0,327.475,422.0,349.0,398.0,1.0,1.0,1.0,1.0,1.0,1.0,648.0,275.0
1682,Eeklo,372.78,372.0,328.0,422.0,346.75,398.0,1.0,1.0,1.0,1.0,1.0,1.0,647.0,275.0
1687,Cheb,374.624,375.0,327.0,422.0,347.75,402.0,1.0,1.0,1.0,1.0,1.0,1.0,650.0,275.0
1721,Eilenburg,374.628,373.0,327.0,421.525,351.0,399.0,1.0,1.0,1.0,1.0,1.0,1.0,648.0,275.0
1728,Eindhoven,373.262,373.0,327.0,422.525,347.0,398.0,1.0,1.0,1.0,1.0,1.0,1.0,648.0,275.0
1737,Eisenach,376.084,375.0,328.0,422.0,351.0,403.0,1.0,1.0,1.0,1.0,1.0,1.0,650.0,275.0
1741,Lutherstadt Eisleben,375.206,376.0,327.0,423.0,348.75,400.0,1.0,1.0,1.0,1.0,1.0,1.0,651.0,275.0
1748,Elberfeld,374.55,375.0,327.0,421.0,347.0,400.0,1.0,1.0,1.0,1.0,1.0,1.0,650.0,275.0
1750,Elbląg,374.99,377.0,328.0,419.0,352.0,400.0,1.0,1.0,1.0,1.0,1.0,1.0,652.0,275.0
1790,Emden,375.064,373.0,328.0,422.0,352.0,400.0,1.0,1.0,1.0,1.0,1.0,1.0,648.0,275.0
1793,Emmerich,374.244,373.5,328.0,421.0,349.75,399.0,1.0,1.0,1.0,1.0,1.0,1.0,648.5,275.0
1811,Enkhuizen,373.056,373.0,327.0,421.0,347.75,398.0,1.0,1.0,1.0,1.0,1.0,1.0,648.0,275.0
1813,Enschede,376.33,376.0,327.0,423.0,351.0,403.0,1.0,1.0,1.0,1.0,1.0,1.0,651.0,275.0
1826,Erfurt,373.724,374.0,327.0,422.525,346.0,398.25,1.0,1.0,1.0,1.0,1.0,1.0,649.0,275.0
1831,Erlangen,374.1,372.5,326.475,421.0,350.0,401.0,1.0,1.0,1.0,1.0,1.0,1.0,647.5,275.0
1858,Eschweiler,373.074,373.5,327.0,422.525,347.0,397.0,1.0,1.0,1.0,1.0,1.0,1.0,648.5,275.0
1865,Essen,374.732,374.5,327.475,422.0,349.0,401.0,1.0,1.0,1.0,1.0,1.0,1.0,649.5,275.0
1962,Flensburg,375.564,377.0,327.475,423.0,348.0,401.0,1.0,1.0,1.0,1.0,1.0,1.0,652.0,275.0
1983,Frjentsjer,371.962,371.5,327.0,421.525,346.0,397.0,1.0,1.0,1.0,1.0,1.0,1.0,646.5,275.0
1987,Frankfurt am Main,372.844,373.0,327.0,422.0,348.0,395.25,1.0,1.0,1.0,1.0,1.0,1.0,648.0,275.0
1988,Frankfurt (Oder),373.416,372.0,327.475,422.0,348.75,399.0,1.0,1.0,1.0,1.0,1.0,1.0,647.0,275.0
1997,Wschowa,374.044,374.0,327.0,423.0,348.0,399.0,1.0,1.0,1.0,1.0,1.0,1.0,649.0,275.0
2002,Freiberg,375.462,377.0,328.0,423.0,350.0,400.0,1.0,1.0,1.0,1.0,1.0,1.0,652.0,275.0
2048,Fulda,376.056,375.0,328.0,422.0,353.0,399.0,1.0,1.0,1.0,1.0,1.0,1.0,650.0,275.0
2058,Fürth,376.13,380.0,327.0,422.0,350.75,403.0,1.0,1.0,1.0,1.0,1.0,1.0,655.0,275.0
2159,Gent,373.564,373.0,327.475,422.0,349.0,396.0,1.0,1.0,1.0,1.0,1.0,1.0,648.0,275.0
2164,Gera,374.116,374.0,326.0,421.0,348.0,401.0,1.0,1.0,1.0,1.0,1.0,1.0,649.0,275.0
2194,Gießen,374.94,376.0,327.0,423.0,350.0,399.0,1.0,1.0,1.0,1.0,1.0,1.0,651.0,275.0
2218,Kłodzko,372.212,373.5,326.0,422.0,345.0,397.0,1.0,1.0,1.0,1.0,1.0,1.0,648.5,275.0
2234,Głogów,375.442,375.0,326.475,423.0,350.75,401.0,1.0,1.0,1.0,1.0,1.0,1.0,650.0,275.0
2242,Gniezno,376.356,375.0,327.475,423.0,352.0,403.0,1.0,1.0,1.0,1.0,1.0,1.0,650.0,275.0
2267,Złotoryja ,375.188,375.0,326.0,422.525,349.0,401.0,1.0,1.0,1.0,1.0,1.0,1.0,650.0,275.0
2305,Gorinchem,377.396,380.0,327.0,423.0,353.0,402.0,1.0,1.0,1.0,1.0,1.0,1.0,655.0,275.0
2313,Görlitz,376.076,377.0,328.0,422.0,353.0,400.0,1.0,1.0,1.0,1.0,1.0,1.0,652.0,275.0
2337,Goslar ,374.95,376.0,327.475,422.0,350.0,400.0,1.0,1.0,1.0,1.0,1.0,1.0,651.0,275.0
2347,Gotha,375.224,375.0,327.0,421.0,353.0,400.25,1.0,1.0,1.0,1.0,1.0,1.0,650.0,275.0
2352,Gouda,374.89,375.0,328.0,422.0,349.75,401.0,1.0,1.0,1.0,1.0,1.0,1.0,650.0,275.0
2394,Grudziądz,373.658,375.0,326.475,421.0,347.75,400.0,1.0,1.0,1.0,1.0,1.0,1.0,650.0,275.0
2409,Greifswald,373.266,373.0,327.0,421.0,347.0,399.0,1.0,1.0,1.0,1.0,1.0,1.0,648.0,275.0
2430,Grimma,373.476,372.0,328.475,421.525,347.0,400.0,1.0,1.0,1.0,1.0,1.0,1.0,647.0,275.0
2444,Hrodna,375.168,376.0,329.0,422.0,352.0,399.0,1.0,1.0,1.0,1.0,1.0,1.0,651.0,275.0
2456,Groningen,372.642,373.0,326.0,422.0,348.0,398.0,1.0,1.0,1.0,1.0,1.0,1.0,648.0,275.0
2602,Großenhain,373.456,373.0,326.0,422.0,349.0,398.0,1.0,1.0,1.0,1.0,1.0,1.0,648.0,275.0
2647,Zielona Góra,377.774,381.0,326.475,422.0,352.0,404.0,1.0,1.0,1.0,1.0,1.0,1.0,656.0,275.0
2671,Gubin,375.97,375.5,327.0,421.0,353.0,401.0,1.0,1.0,1.0,1.0,1.0,1.0,650.5,275.0
2705,Güstrow,373.986,373.0,327.0,423.0,350.0,396.25,1.0,1.0,1.0,1.0,1.0,1.0,648.0,275.0
2712,Den Haag,374.252,373.0,327.0,421.0,347.0,402.0,1.0,1.0,1.0,1.0,1.0,1.0,648.0,275.0
2717,Haarlem,377.148,376.0,328.0,422.0,352.0,404.0,1.0,1.0,1.0,1.0,1.0,1.0,651.0,275.0
2737,Hagen,185.384,184.0,152.0,221.0,167.0,205.0,1.0,1.0,1.0,1.0,1.0,1.0,459.0,275.0
2758,Halberstadt,374.95,375.0,327.0,423.0,350.0,400.0,1.0,1.0,1.0,1.0,1.0,1.0,650.0,275.0
2765,Halle (Saale),371.206,369.0,327.0,421.0,344.0,396.25,1.0,1.0,1.0,1.0,1.0,1.0,644.0,275.0
2777,Hamburg,374.638,375.0,326.0,422.0,348.0,401.0,1.0,1.0,1.0,1.0,1.0,1.0,650.0,275.0
2778,Hameln,372.646,371.5,326.475,422.0,349.0,395.0,1.0,1.0,1.0,1.0,1.0,1.0,646.5,275.0
2781,Hamm (Lippe),373.076,372.0,327.475,421.0,348.0,398.0,1.0,1.0,1.0,1.0,1.0,1.0,647.0,275.0
2791,Hanau,375.946,376.0,327.0,423.0,350.75,402.0,1.0,1.0,1.0,1.0,1.0,1.0,651.0,275.0
2795,Hannover,375.878,379.0,327.0,421.0,350.0,401.0,1.0,1.0,1.0,1.0,1.0,1.0,654.0,275.0
2802,Harburg,375.29,374.0,329.0,423.0,352.75,398.0,1.0,1.0,1.0,1.0,1.0,1.0,649.0,275.0
2807,Harderwijk,376.0,376.0,327.0,422.0,352.0,401.0,1.0,1.0,1.0,1.0,1.0,1.0,651.0,275.0
2816,Harns,374.54,374.0,328.0,422.0,349.75,402.0,1.0,1.0,1.0,1.0,1.0,1.0,649.0,275.0
2855,Hasselt,374.02,374.0,327.0,422.0,348.0,399.25,1.0,1.0,1.0,1.0,1.0,1.0,649.0,275.0
2885,Heerlen,373.838,374.5,326.475,421.0,348.0,400.0,1.0,1.0,1.0,1.0,1.0,1.0,649.5,275.0
2898,nan,374.592,373.0,328.0,421.525,350.75,401.0,1.0,1.0,1.0,1.0,1.0,1.0,648.0,275.0
2907,nan,374.93,376.0,327.0,421.525,348.0,400.0,1.0,1.0,1.0,1.0,1.0,1.0,651.0,275.0
2945,Helmstedt,375.86,376.0,328.0,423.0,351.0,402.0,1.0,1.0,1.0,1.0,1.0,1.0,651.0,275.0
2978,Herford,374.214,373.0,327.0,421.0,348.0,400.25,1.0,1.0,1.0,1.0,1.0,1.0,648.0,275.0
2984,Herne,99.808,100.0,29.0,176.57499999999993,71.0,126.25,0.26133571291349766,0.26277428264538893,0.08437309218559219,0.4294503341716734,0.19529824916979777,0.32963177203050553,650.0,551.0
2996,Bad Hersfeld,372.888,371.0,326.0,422.0,347.75,400.0,1.0,1.0,1.0,1.0,1.0,1.0,646.0,275.0
3017,&#39;s-Hertogenbosch,376.702,379.0,327.0,422.0,352.0,401.0,1.0,1.0,1.0,1.0,1.0,1.0,654.0,275.0
3050,Hildesheim,374.334,375.0,327.0,421.525,349.0,399.0,1.0,1.0,1.0,1.0,1.0,1.0,650.0,275.0
3061,Hilversum,373.946,375.0,327.0,421.525,349.0,396.0,1.0,1.0,1.0,1.0,1.0,1.0,650.0,275.0
3090,Hof (Saale),376.084,376.0,327.0,421.525,349.75,402.25,1.0,1.0,1.0,1.0,1.0,1.0,651.0,275.0
3190,Hoogeveen,24.782,25.0,1.0,48.0,13.0,37.0,1.0,1.0,1.0,1.0,1.0,1.0,300.0,275.0
3196,Hoorn,373.66,373.0,328.0,421.0,347.0,398.0,1.0,1.0,1.0,1.0,1.0,1.0,648.0,275.0
3246,Hückeswagen,370.89,369.0,327.0,422.525,346.0,395.0,1.0,1.0,1.0,1.0,1.0,1.0,644.0,275.0
3280,Husum,374.804,375.0,327.0,421.0,353.75,398.0,1.0,1.0,1.0,1.0,1.0,1.0,650.0,275.0
3284,Huy,376.402,377.5,328.0,421.0,354.0,402.0,1.0,1.0,1.0,1.0,1.0,1.0,652.5,275.0
3285,Ibbenbüren,374.356,374.5,326.475,422.0,350.0,399.0,1.0,1.0,1.0,1.0,1.0,1.0,649.5,275.0
3339,Iserlohn,373.524,373.0,326.0,422.0,349.0,398.0,1.0,1.0,1.0,1.0,1.0,1.0,648.0,275.0
3411,Jena ,376.138,378.0,327.0,422.0,350.0,402.0,1.0,1.0,1.0,1.0,1.0,1.0,653.0,275.0
3491,Kalisz,376.292,378.5,327.0,422.0,351.75,400.0,1.0,1.0,1.0,1.0,1.0,1.0,653.5,275.0
3541,Kampen ,373.284,371.5,327.0,422.0,347.0,399.0,1.0,1.0,1.0,1.0,1.0,1.0,646.5,275.0
3580,Kassel,373.78,373.0,327.0,421.525,347.0,398.0,1.0,1.0,1.0,1.0,1.0,1.0,648.0,275.0
3605,Kazimierz Dolny,375.864,379.0,326.0,421.0,351.0,400.0,1.0,1.0,1.0,1.0,1.0,1.0,654.0,275.0
3624,Kempten,374.216,375.0,327.0,423.0,346.0,399.25,1.0,1.0,1.0,1.0,1.0,1.0,650.0,275.0
3646,Kiel,373.716,374.0,328.0,421.0,349.0,398.0,1.0,1.0,1.0,1.0,1.0,1.0,649.0,275.0
3801,Kleve,374.89,373.0,328.475,422.0,351.0,399.25,1.0,1.0,1.0,1.0,1.0,1.0,648.0,275.0
3852,Koblenz,373.85,371.5,327.0,422.0,348.75,399.0,1.0,1.0,1.0,1.0,1.0,1.0,646.5,275.0
3880,Kołobrzeg,376.18,379.0,327.0,422.0,351.0,400.0,1.0,1.0,1.0,1.0,1.0,1.0,654.0,275.0
3883,Kolín,373.348,374.0,327.0,422.0,346.0,398.25,1.0,1.0,1.0,1.0,1.0,1.0,649.0,275.0
3888,Köln,373.958,374.0,328.475,422.0,350.0,397.0,1.0,1.0,1.0,1.0,1.0,1.0,649.0,275.0
3911,Kaliningrad,375.508,375.5,326.475,422.525,349.0,403.0,1.0,1.0,1.0,1.0,1.0,1.0,650.5,275.0
3927,Königswinter,374.336,375.0,327.475,421.0,349.0,398.25,1.0,1.0,1.0,1.0,1.0,1.0,650.0,275.0
3946,København,375.566,376.0,328.475,423.0,352.0,398.0,1.0,1.0,1.0,1.0,1.0,1.0,651.0,275.0
3976,Koszalin,373.73,373.0,327.0,420.525,349.0,400.0,1.0,1.0,1.0,1.0,1.0,1.0,648.0,275.0
3990,Köthen,374.552,375.0,327.0,422.0,349.0,398.0,1.0,1.0,1.0,1.0,1.0,1.0,650.0,275.0
4000,Kaunas,374.274,376.0,327.0,420.0,350.75,398.0,1.0,1.0,1.0,1.0,1.0,1.0,651.0,275.0
4015,Kraków,373.086,371.5,327.0,422.0,349.0,397.0,1.0,1.0,1.0,1.0,1.0,1.0,646.5,275.0
4038,Krefeld,374.744,372.0,328.0,421.0,354.0,397.0,1.0,1.0,1.0,1.0,1.0,1.0,647.0,275.0
4135,Chełmno,372.692,372.0,327.0,420.0,348.0,398.0,1.0,1.0,1.0,1.0,1.0,1.0,647.0,275.0
4168,Kostrzyn nad Odrą,375.046,374.0,327.0,422.525,349.0,401.0,1.0,1.0,1.0,1.0,1.0,1.0,649.0,275.0
4220,Gorzów Wielkopolski,375.702,376.0,328.0,422.0,352.0,399.0,1.0,1.0,1.0,1.0,1.0,1.0,651.0,275.0
4249,Bad Langensalza,372.382,370.0,327.0,422.0,346.0,399.0,1.0,1.0,1.0,1.0,1.0,1.0,645.0,275.0
4276,Lubań,375.998,376.0,328.0,421.0,352.0,401.0,1.0,1.0,1.0,1.0,1.0,1.0,651.0,275.0
4309,Leer,374.398,373.0,327.0,422.0,351.0,400.0,1.0,1.0,1.0,1.0,1.0,1.0,648.0,275.0
4314,Ljouwert,374.164,374.0,327.0,421.0,349.0,400.0,1.0,1.0,1.0,1.0,1.0,1.0,649.0,275.0
4329,Leiden,373.642,373.5,328.0,421.525,348.0,397.0,1.0,1.0,1.0,1.0,1.0,1.0,648.5,275.0
4337,Leipzig,373.816,373.0,327.0,422.525,348.0,397.25,1.0,1.0,1.0,1.0,1.0,1.0,648.0,275.0
4349,Lviv,374.334,374.5,326.0,421.0,348.0,399.0,1.0,1.0,1.0,1.0,1.0,1.0,649.5,275.0
4410,Liepāja,375.398,377.0,327.0,421.0,350.0,401.0,1.0,1.0,1.0,1.0,1.0,1.0,652.0,275.0
4436,Legnica,375.552,377.0,327.0,422.0,349.0,404.0,1.0,1.0,1.0,1.0,1.0,1.0,652.0,275.0
4442,Lier,375.864,375.0,327.0,422.525,351.0,401.0,1.0,1.0,1.0,1.0,1.0,1.0,650.0,275.0
4502,Lippstadt,376.536,378.0,328.0,422.0,351.75,401.0,1.0,1.0,1.0,1.0,1.0,1.0,653.0,275.0
4589,Leuven,375.992,377.0,327.0,421.0,349.75,402.0,1.0,1.0,1.0,1.0,1.0,1.0,652.0,275.0
4604,Lübeck,374.956,377.0,327.0,422.0,349.0,401.0,1.0,1.0,1.0,1.0,1.0,1.0,652.0,275.0
4612,Lublin,375.312,377.5,326.0,421.0,351.75,398.25,1.0,1.0,1.0,1.0,1.0,1.0,652.5,275.0
4653,Lüneburg,372.412,371.5,327.0,419.525,347.0,396.0,1.0,1.0,1.0,1.0,1.0,1.0,646.5,275.0
4680,Liège,375.12,375.0,327.0,422.0,351.75,398.0,1.0,1.0,1.0,1.0,1.0,1.0,650.0,275.0
4697,Maassluis,374.592,376.0,327.0,421.0,350.0,398.0,1.0,1.0,1.0,1.0,1.0,1.0,651.0,275.0
4698,Maastricht,375.52,374.0,328.0,423.0,351.75,401.0,1.0,1.0,1.0,1.0,1.0,1.0,649.0,275.0
4705,Magdeburg,375.562,376.5,326.475,421.525,349.75,400.25,1.0,1.0,1.0,1.0,1.0,1.0,651.5,275.0
4716,Mainz,376.024,375.0,327.0,420.525,355.0,403.0,1.0,1.0,1.0,1.0,1.0,1.0,650.0,275.0
4746,Marburg,375.752,376.5,327.0,423.0,351.0,401.0,1.0,1.0,1.0,1.0,1.0,1.0,651.5,275.0
4753,Marienberg,373.394,374.5,327.0,422.525,346.75,398.0,1.0,1.0,1.0,1.0,1.0,1.0,649.5,275.0
4754,Malbork,373.726,374.0,328.0,422.525,348.0,400.25,1.0,1.0,1.0,1.0,1.0,1.0,649.0,275.0
4769,Kwidzyn,374.16,373.0,327.0,422.0,349.0,400.0,1.0,1.0,1.0,1.0,1.0,1.0,648.0,275.0
4816,Mechelen,374.004,372.5,326.0,423.0,347.75,400.25,1.0,1.0,1.0,1.0,1.0,1.0,647.5,275.0
4850,Meiningen,372.178,373.0,326.0,420.525,345.0,396.0,1.0,1.0,1.0,1.0,1.0,1.0,648.0,275.0
4853,Meißen,372.806,372.0,327.0,422.0,348.0,396.0,1.0,1.0,1.0,1.0,1.0,1.0,647.0,275.0
4871,Klaipėda,374.712,373.5,327.0,423.0,352.0,398.0,1.0,1.0,1.0,1.0,1.0,1.0,648.5,275.0
4872,nan,372.342,372.0,327.0,420.525,345.0,398.0,1.0,1.0,1.0,1.0,1.0,1.0,647.0,275.0
4880,Meppel,373.27,371.0,327.0,421.0,350.0,398.0,1.0,1.0,1.0,1.0,1.0,1.0,646.0,275.0
4891,Merseburg,374.252,376.0,327.0,421.525,350.0,398.25,1.0,1.0,1.0,1.0,1.0,1.0,651.0,275.0
4958,Minden,377.204,377.5,327.475,422.0,352.0,404.0,1.0,1.0,1.0,1.0,1.0,1.0,652.5,275.0
4962,Minsk,376.022,376.5,326.0,423.0,349.75,403.25,1.0,1.0,1.0,1.0,1.0,1.0,651.5,275.0
4969,Jelgava,375.012,374.0,327.0,423.0,351.0,400.0,1.0,1.0,1.0,1.0,1.0,1.0,649.0,275.0
5035,Mönchengladbach,374.838,374.0,327.475,421.0,350.0,400.0,1.0,1.0,1.0,1.0,1.0,1.0,649.0,275.0
5064,Moskva,375.37,374.5,327.0,421.525,352.0,402.0,1.0,1.0,1.0,1.0,1.0,1.0,649.5,275.0
5108,nan,372.456,374.0,325.475,420.0,345.0,398.0,1.0,1.0,1.0,1.0,1.0,1.0,649.0,275.0
5113,Münster (Westfalen),373.938,372.0,327.475,423.0,347.0,401.0,1.0,1.0,1.0,1.0,1.0,1.0,647.0,275.0
5147,Namur,375.084,376.0,327.0,422.0,351.0,400.0,1.0,1.0,1.0,1.0,1.0,1.0,651.0,275.0
5153,Narva,372.904,372.5,327.0,420.0,349.0,397.25,1.0,1.0,1.0,1.0,1.0,1.0,647.5,275.0
5160,Nauen,372.924,373.0,327.0,422.0,346.0,398.0,1.0,1.0,1.0,1.0,1.0,1.0,648.0,275.0
5165,Naumburg (Saale),375.356,377.5,326.475,421.525,349.0,401.0,1.0,1.0,1.0,1.0,1.0,1.0,652.5,275.0
5194,Nysa,374.75,373.5,328.0,421.525,351.0,401.0,1.0,1.0,1.0,1.0,1.0,1.0,648.5,275.0
5224,Neubrandenburg,377.43,378.0,329.0,421.525,354.0,403.0,1.0,1.0,1.0,1.0,1.0,1.0,653.0,275.0
5297,Neuruppin,376.196,376.0,328.475,423.0,354.0,399.0,1.0,1.0,1.0,1.0,1.0,1.0,651.0,275.0
5304,Neuss,373.35,372.0,327.0,422.0,347.75,398.0,1.0,1.0,1.0,1.0,1.0,1.0,647.0,275.0
5424,Nijkerk,372.924,373.0,327.0,422.0,347.0,398.0,1.0,1.0,1.0,1.0,1.0,1.0,648.0,275.0
5430,Nijmegen,374.002,374.0,326.475,421.0,351.0,398.0,1.0,1.0,1.0,1.0,1.0,1.0,649.0,275.0
5438,Nivelles,375.018,376.0,328.0,422.0,350.0,400.0,1.0,1.0,1.0,1.0,1.0,1.0,651.0,275.0
5453,Norden,374.16,373.5,328.475,421.0,350.75,397.0,1.0,1.0,1.0,1.0,1.0,1.0,648.5,275.0
5460,Nordhausen,374.466,374.0,326.475,423.0,348.0,399.25,1.0,1.0,1.0,1.0,1.0,1.0,649.0,275.0
5474,Veliky Novgorod,375.242,377.0,327.475,421.0,351.0,401.0,1.0,1.0,1.0,1.0,1.0,1.0,652.0,275.0
5492,Nürnberg,372.842,372.0,327.0,422.0,347.0,399.0,1.0,1.0,1.0,1.0,1.0,1.0,647.0,275.0
5622,Oldenburg (Holstein),371.206,369.5,327.0,420.525,349.0,394.0,1.0,1.0,1.0,1.0,1.0,1.0,644.5,275.0
5623,Oldenburg (Oldenburg),375.998,380.0,327.0,422.0,346.75,402.25,1.0,1.0,1.0,1.0,1.0,1.0,655.0,275.0
5639,Olkusz,374.406,374.0,327.0,422.0,350.0,397.25,1.0,1.0,1.0,1.0,1.0,1.0,649.0,275.0
5675,Opole,375.57,375.0,327.475,423.0,353.0,399.0,1.0,1.0,1.0,1.0,1.0,1.0,650.0,275.0
5704,Osnabrück,373.84,373.0,327.0,421.0,349.0,399.0,1.0,1.0,1.0,1.0,1.0,1.0,648.0,275.0
5801,Paderborn,375.334,375.5,327.0,422.0,350.0,400.0,1.0,1.0,1.0,1.0,1.0,1.0,650.5,275.0
5937,Plzeň,372.678,370.0,326.0,420.525,348.0,397.0,1.0,1.0,1.0,1.0,1.0,1.0,645.0,275.0
5949,Pirna,373.924,371.0,327.475,422.0,350.75,399.0,1.0,1.0,1.0,1.0,1.0,1.0,646.0,275.0
5972,Plauen,375.82,376.0,327.0,422.0,349.0,403.0,1.0,1.0,1.0,1.0,1.0,1.0,651.0,275.0
5978,Pskov,374.12,373.0,326.475,422.0,350.75,397.0,1.0,1.0,1.0,1.0,1.0,1.0,648.0,275.0
5982,Płock,374.888,376.0,328.0,422.0,349.0,400.0,1.0,1.0,1.0,1.0,1.0,1.0,651.0,275.0
6074,Poznań,373.134,374.0,326.0,421.0,348.0,398.25,1.0,1.0,1.0,1.0,1.0,1.0,649.0,275.0
6092,Praha,372.186,370.0,328.0,422.0,348.0,396.0,1.0,1.0,1.0,1.0,1.0,1.0,645.0,275.0
6104,Prenzlau,371.222,369.0,327.0,422.0,346.0,395.0,1.0,1.0,1.0,1.0,1.0,1.0,644.0,275.0
6148,Przemyśl,377.582,379.5,328.0,422.0,353.0,403.25,1.0,1.0,1.0,1.0,1.0,1.0,654.5,275.0
6195,Quedlinburg,373.844,373.0,328.0,421.0,349.75,396.25,1.0,1.0,1.0,1.0,1.0,1.0,648.0,275.0
6221,Radevormwald,375.318,375.5,328.475,423.0,350.0,400.0,1.0,1.0,1.0,1.0,1.0,1.0,650.5,275.0
6226,Radom,373.026,372.0,327.0,421.525,346.0,398.25,1.0,1.0,1.0,1.0,1.0,1.0,647.0,275.0
6297,Recklinghausen,372.64,372.5,326.0,422.0,346.75,399.0,1.0,1.0,1.0,1.0,1.0,1.0,647.5,275.0
6313,nan,372.484,370.0,327.0,422.0,347.75,399.25,1.0,1.0,1.0,1.0,1.0,1.0,645.0,275.0
6331,Reichenbach,373.808,374.5,327.0,421.0,349.0,399.0,1.0,1.0,1.0,1.0,1.0,1.0,649.5,275.0
6334,Liberec,273.16,274.5,226.0,321.525,247.0,298.0,1.0,1.0,1.0,1.0,1.0,1.0,549.5,275.0
6364,Rendsburg,374.778,375.0,328.0,422.0,349.0,400.0,1.0,1.0,1.0,1.0,1.0,1.0,650.0,275.0
6387,Tallinn,372.92,373.0,327.0,422.0,349.0,397.0,1.0,1.0,1.0,1.0,1.0,1.0,648.0,275.0
6398,Rheine,374.198,374.0,328.475,420.0,348.0,397.0,1.0,1.0,1.0,1.0,1.0,1.0,649.0,275.0
6401,Rheydt,375.8,377.5,328.475,422.525,351.75,399.0,1.0,1.0,1.0,1.0,1.0,1.0,652.5,275.0
6425,Rīga,373.882,373.0,327.0,421.0,348.0,399.0,1.0,1.0,1.0,1.0,1.0,1.0,648.0,275.0
6477,Roermond,376.474,378.0,327.0,423.0,352.0,403.0,1.0,1.0,1.0,1.0,1.0,1.0,653.0,275.0
6517,Roosendaal,373.772,373.0,328.0,420.0,349.0,400.0,1.0,1.0,1.0,1.0,1.0,1.0,648.0,275.0
6545,Rostock,374.098,373.0,327.0,422.0,349.0,401.0,1.0,1.0,1.0,1.0,1.0,1.0,648.0,275.0
6554,nan,373.706,374.0,327.0,421.0,350.0,398.0,1.0,1.0,1.0,1.0,1.0,1.0,649.0,275.0
6562,Rotterdam,376.382,378.0,328.0,421.0,353.0,399.0,1.0,1.0,1.0,1.0,1.0,1.0,653.0,275.0
6653,Rzeszów,187.314,188.5,151.0,223.0,168.0,207.0,1.0,1.0,1.0,1.0,1.0,1.0,463.5,275.0
6686,Żagań,376.602,376.0,327.0,422.525,353.0,401.0,1.0,1.0,1.0,1.0,1.0,1.0,651.0,275.0
6705,Salzgitter-Bad,377.218,378.0,326.0,422.0,355.0,401.0,1.0,1.0,1.0,1.0,1.0,1.0,653.0,275.0
6712,Salzwedel,376.512,376.5,328.0,423.0,353.0,401.0,1.0,1.0,1.0,1.0,1.0,1.0,651.5,275.0
6728,Sandomierz,373.3,372.0,327.475,421.0,350.0,397.0,1.0,1.0,1.0,1.0,1.0,1.0,647.0,275.0
6791,Schaarbeek,95.446,96.0,21.0,174.52499999999998,66.75,121.25,0.2523928251594595,0.2587597736025207,0.06138765389876881,0.4272049682121624,0.18852310046870516,0.3202790365634118,643.0,551.0
6820,Šiauliai,374.352,374.0,328.0,421.0,348.0,400.0,1.0,1.0,1.0,1.0,1.0,1.0,649.0,275.0
6840,Schiedam,374.002,374.0,327.0,421.0,350.0,400.0,1.0,1.0,1.0,1.0,1.0,1.0,649.0,275.0
6880,Schleswig,374.266,374.0,327.0,422.0,348.0,400.0,1.0,1.0,1.0,1.0,1.0,1.0,649.0,275.0
7018,Schwerin,373.902,375.0,327.0,421.0,348.0,398.0,1.0,1.0,1.0,1.0,1.0,1.0,650.0,275.0
7115,Siegen,373.734,373.0,329.0,422.0,347.0,399.25,1.0,1.0,1.0,1.0,1.0,1.0,648.0,275.0
7153,Sint-Truiden,371.84,370.0,326.0,422.0,346.0,395.0,1.0,1.0,1.0,1.0,1.0,1.0,645.0,275.0
7216,Smolensk,373.52,372.5,327.0,422.525,349.0,400.0,1.0,1.0,1.0,1.0,1.0,1.0,647.5,275.0
7220,Snits,374.106,374.0,327.0,421.0,349.0,397.0,1.0,1.0,1.0,1.0,1.0,1.0,649.0,275.0
7230,Soest (Westfalen),373.314,374.5,327.0,422.0,348.75,397.0,1.0,1.0,1.0,1.0,1.0,1.0,649.5,275.0
7242,Solingen,375.55,376.0,327.0,421.0,351.75,402.0,1.0,1.0,1.0,1.0,1.0,1.0,651.0,275.0
7281,Spandau,373.538,374.0,327.0,422.0,348.0,398.0,1.0,1.0,1.0,1.0,1.0,1.0,649.0,275.0
7321,Stade,373.958,375.5,326.0,421.525,349.0,397.0,1.0,1.0,1.0,1.0,1.0,1.0,650.5,275.0
7340,Staraya Russa,373.024,371.5,327.0,422.0,348.0,398.0,1.0,1.0,1.0,1.0,1.0,1.0,646.5,275.0
7343,Stargard,372.558,372.0,327.0,420.525,348.0,396.25,1.0,1.0,1.0,1.0,1.0,1.0,647.0,275.0
7405,Stendal,373.016,371.0,327.0,422.0,350.0,396.0,1.0,1.0,1.0,1.0,1.0,1.0,646.0,275.0
7413,Szczecin,374.91,374.0,326.475,421.0,353.0,399.0,1.0,1.0,1.0,1.0,1.0,1.0,649.0,275.0
7442,Słupsk,373.056,372.0,328.0,421.0,349.0,398.0,1.0,1.0,1.0,1.0,1.0,1.0,647.0,275.0
7461,Stralsund,375.234,376.0,327.475,423.0,348.0,401.0,1.0,1.0,1.0,1.0,1.0,1.0,651.0,275.0
7529,Suhl,372.778,371.5,326.0,420.0,347.75,398.0,1.0,1.0,1.0,1.0,1.0,1.0,646.5,275.0
7612,Tarnów,373.868,372.0,328.0,422.0,347.0,400.0,1.0,1.0,1.0,1.0,1.0,1.0,647.0,275.0
7696,Toruń,376.372,378.0,328.0,422.0,351.0,400.0,1.0,1.0,1.0,1.0,1.0,1.0,653.0,275.0
7714,Tiel,372.792,373.0,327.0,422.0,346.0,398.0,1.0,1.0,1.0,1.0,1.0,1.0,648.0,275.0
7715,Tienen,373.094,372.0,327.475,419.0,350.0,397.0,1.0,1.0,1.0,1.0,1.0,1.0,647.0,275.0
7719,Tilburg,373.656,374.0,327.0,420.0,349.0,398.0,1.0,1.0,1.0,1.0,1.0,1.0,649.0,275.0
7722,Sovetsk,374.882,374.0,328.0,422.0,351.75,399.0,1.0,1.0,1.0,1.0,1.0,1.0,649.0,275.0
7751,Tongeren,371.438,369.0,328.0,419.525,348.75,394.0,1.0,1.0,1.0,1.0,1.0,1.0,644.0,275.0
7760,Torgau,373.502,372.0,327.0,421.0,349.75,398.0,1.0,1.0,1.0,1.0,1.0,1.0,647.0,275.0
7767,Toropets,373.03,372.0,326.0,422.525,349.0,396.0,1.0,1.0,1.0,1.0,1.0,1.0,647.0,275.0
7768,Torzhok,376.62,377.0,327.0,422.0,353.0,400.25,1.0,1.0,1.0,1.0,1.0,1.0,652.0,275.0
7814,nan,375.068,377.0,327.0,422.525,350.75,400.0,1.0,1.0,1.0,1.0,1.0,1.0,652.0,275.0
7821,Trakai,274.754,274.0,226.475,321.0,250.0,299.0,1.0,1.0,1.0,1.0,1.0,1.0,549.0,275.0
7850,Turnhout,375.768,377.0,328.0,422.525,353.0,401.0,1.0,1.0,1.0,1.0,1.0,1.0,652.0,275.0
7912,nan,373.536,375.0,325.0,421.525,349.0,398.0,1.0,1.0,1.0,1.0,1.0,1.0,650.0,275.0
7919,Unna,374.402,374.0,327.0,422.525,350.0,401.0,1.0,1.0,1.0,1.0,1.0,1.0,649.0,275.0
7944,Utrecht,373.88,374.0,326.0,422.0,351.0,399.0,1.0,1.0,1.0,1.0,1.0,1.0,649.0,275.0
7984,Velbert,373.54,373.0,326.0,422.0,348.0,401.0,1.0,1.0,1.0,1.0,1.0,1.0,648.0,275.0
7991,Velikiye Luki,373.646,373.0,326.0,421.525,349.0,397.0,1.0,1.0,1.0,1.0,1.0,1.0,648.0,275.0
7992,Veliž,274.946,273.5,229.0,321.0,248.0,300.0,1.0,1.0,1.0,1.0,1.0,1.0,548.5,275.0
8000,Venlo,375.064,376.0,326.0,421.0,350.0,401.0,1.0,1.0,1.0,1.0,1.0,1.0,651.0,275.0
8005,Verden,374.318,374.0,328.0,422.0,350.75,397.25,1.0,1.0,1.0,1.0,1.0,1.0,649.0,275.0
8038,Vitebsk,376.37,376.5,327.0,421.525,352.75,401.0,1.0,1.0,1.0,1.0,1.0,1.0,651.5,275.0
8041,Vlaardingen,375.818,375.0,327.475,422.0,353.0,398.25,1.0,1.0,1.0,1.0,1.0,1.0,650.0,275.0
8185,Warburg,375.324,375.0,328.475,422.525,351.75,400.0,1.0,1.0,1.0,1.0,1.0,1.0,650.0,275.0
8205,Warszawa,375.116,375.0,328.0,422.0,352.0,400.25,1.0,1.0,1.0,1.0,1.0,1.0,650.0,275.0
8229,Wavre,373.254,371.0,328.0,422.0,347.0,398.0,1.0,1.0,1.0,1.0,1.0,1.0,646.0,275.0
8242,Weert,373.072,372.0,327.0,421.0,349.0,395.0,1.0,1.0,1.0,1.0,1.0,1.0,647.0,275.0
8272,Weißenfels,373.526,373.0,328.0,422.0,347.75,397.0,1.0,1.0,1.0,1.0,1.0,1.0,648.0,275.0
8323,Werden,374.786,375.0,326.0,421.0,352.0,397.25,1.0,1.0,1.0,1.0,1.0,1.0,650.0,275.0
8345,Wesel,376.722,376.0,328.0,423.0,352.75,402.0,1.0,1.0,1.0,1.0,1.0,1.0,651.0,275.0
8379,Wetzlar,376.408,378.0,327.0,422.525,354.0,400.0,1.0,1.0,1.0,1.0,1.0,1.0,653.0,275.0
8428,Wiesbaden,375.342,374.0,327.0,422.0,350.75,401.0,1.0,1.0,1.0,1.0,1.0,1.0,649.0,275.0
8461,Vilnius,376.056,377.5,327.0,421.525,352.0,400.0,1.0,1.0,1.0,1.0,1.0,1.0,652.5,275.0
8488,Winterswijk,374.946,377.0,327.0,423.0,348.0,399.25,1.0,1.0,1.0,1.0,1.0,1.0,652.0,275.0
8505,Wismar,374.768,373.0,328.0,422.0,350.75,401.0,1.0,1.0,1.0,1.0,1.0,1.0,648.0,275.0
8513,Lutherstadt Wittenberg,374.962,376.0,327.0,421.0,350.75,399.25,1.0,1.0,1.0,1.0,1.0,1.0,651.0,275.0
8580,Wolfenbüttel,375.094,377.0,327.0,422.0,351.75,399.0,1.0,1.0,1.0,1.0,1.0,1.0,652.0,275.0
8597,Wolin,375.788,376.0,327.0,422.0,352.0,402.0,1.0,1.0,1.0,1.0,1.0,1.0,651.0,275.0
8612,Warkum,274.18,275.0,227.0,322.0,249.75,299.0,1.0,1.0,1.0,1.0,1.0,1.0,550.0,275.0
8654,Würzburg,374.996,377.0,327.0,422.0,351.0,400.0,1.0,1.0,1.0,1.0,1.0,1.0,652.0,275.0
8704,Zamość,75.086,76.0,51.475,98.0,62.75,86.0,1.0,1.0,1.0,1.0,1.0,1.0,351.0,275.0
8752,Zeitz,371.534,372.0,327.0,422.0,346.0,396.0,1.0,1.0,1.0,1.0,1.0,1.0,647.0,275.0
8754,Zele,373.388,371.0,328.0,422.0,348.0,400.25,1.0,1.0,1.0,1.0,1.0,1.0,646.0,275.0
8763,Zerbst,374.754,375.0,327.0,422.0,349.75,400.0,1.0,1.0,1.0,1.0,1.0,1.0,650.0,275.0
8807,Zittau,375.776,375.5,327.0,422.525,351.0,403.0,1.0,1.0,1.0,1.0,1.0,1.0,650.5,275.0
8819,Zoetermeer,374.508,376.5,327.0,422.0,348.0,401.0,1.0,1.0,1.0,1.0,1.0,1.0,651.5,275.0
8827,Zomergem,374.708,373.0,327.0,422.0,348.75,400.0,1.0,1.0,1.0,1.0,1.0,1.0,648.0,275.0
8844,Sulechów,373.654,372.5,326.0,420.525,348.0,400.25,1.0,1.0,1.0,1.0,1.0,1.0,647.5,275.0
8853,Zutphen,375.484,376.0,326.475,422.0,349.0,401.0,1.0,1.0,1.0,1.0,1.0,1.0,651.0,275.0
8862,Zwickau,375.238,374.0,327.0,422.0,351.0,400.25,1.0,1.0,1.0,1.0,1.0,1.0,649.0,275.0
8866,Zwolle,375.68,376.0,327.0,422.0,350.75,400.25,1.0,1.0,1.0,1.0,1.0,1.0,651.0,275.0
8876,Middelburg (Walcheren),374.676,375.0,327.0,423.0,349.0,402.0,1.0,1.0,1.0,1.0,1.0,1.0,650.0,275.0
8901,Vlissingen,274.562,277.0,226.0,321.525,248.0,301.0,1.0,1.0,1.0,1.0,1.0,1.0,552.0,275.0
8902,Ribe,373.674,374.0,328.0,422.0,350.75,395.0,1.0,1.0,1.0,1.0,1.0,1.0,649.0,275.0
8950,Częstochowa,274.82,274.5,227.475,323.0,251.0,299.25,1.0,1.0,1.0,1.0,1.0,1.0,549.5,275.0
9340,Leszno,276.022,276.0,227.0,322.0,254.0,299.0,1.0,1.0,1.0,1.0,1.0,1.0,551.0,275.0
9364,Dinaburgas pils,249.582,249.0,191.475,307.525,223.0,275.0,0.6642411099311213,0.6657342493192702,0.5746163922155688,0.7442237784668021,0.6298995084178014,0.7005681375224136,648.5,401.5
9608,Randers,372.732,372.5,326.0,421.0,347.0,398.25,1.0,1.0,1.0,1.0,1.0,1.0,647.5,275.0
10318,Schmalkalden,375.7,377.0,327.475,422.0,351.0,400.0,1.0,1.0,1.0,1.0,1.0,1.0,652.0,275.0
10539,Odense,376.782,379.5,327.0,421.0,351.75,400.0,1.0,1.0,1.0,1.0,1.0,1.0,654.5,275.0
10545,Svendborg,375.088,375.0,328.0,421.0,351.0,399.25,1.0,1.0,1.0,1.0,1.0,1.0,650.0,275.0
10547,Weimar,376.102,376.5,327.475,422.0,350.0,403.0,1.0,1.0,1.0,1.0,1.0,1.0,651.5,275.0
10688,Lund,373.538,370.0,328.0,421.525,349.75,397.0,1.0,1.0,1.0,1.0,1.0,1.0,645.0,275.0
10698,Malmö,375.146,376.0,328.0,422.525,350.75,398.0,1.0,1.0,1.0,1.0,1.0,1.0,651.0,275.0
11709,Roskilde,374.04,374.0,327.0,422.0,347.0,399.25,1.0,1.0,1.0,1.0,1.0,1.0,649.0,275.0
11861,Edam,372.048,370.5,326.0,422.0,347.0,397.0,1.0,1.0,1.0,1.0,1.0,1.0,645.5,275.0
11862,Alkmaar,374.038,373.0,327.0,421.0,348.75,402.0,1.0,1.0,1.0,1.0,1.0,1.0,648.0,275.0
11875,Potsdam,374.296,375.0,327.0,421.525,348.0,402.0,1.0,1.0,1.0,1.0,1.0,1.0,650.0,275.0
11913,Goes,375.462,375.0,327.0,422.0,351.0,400.25,1.0,1.0,1.0,1.0,1.0,1.0,650.0,275.0
11915,Zierikzee,373.936,373.0,326.0,420.0,350.0,399.0,1.0,1.0,1.0,1.0,1.0,1.0,648.0,275.0
11918,Helmond,375.654,375.0,327.0,423.0,350.0,401.0,1.0,1.0,1.0,1.0,1.0,1.0,650.0,275.0
12882,Bottrop,274.786,275.0,228.0,321.0,250.0,300.0,1.0,1.0,1.0,1.0,1.0,1.0,550.0,275.0
17567,Ieper,375.372,378.0,328.0,422.525,349.75,400.0,1.0,1.0,1.0,1.0,1.0,1.0,653.0,275.0
17568,Mons,373.926,374.0,326.0,421.0,350.75,397.0,1.0,1.0,1.0,1.0,1.0,1.0,649.0,275.0
17569,Kortrijk,374.494,373.0,328.0,422.0,349.75,401.0,1.0,1.0,1.0,1.0,1.0,1.0,648.0,275.0
17570,Nieuwpoort (Vlaanderen),374.924,376.0,326.475,421.0,351.0,399.0,1.0,1.0,1.0,1.0,1.0,1.0,651.0,275.0
17571,Lens,374.898,376.5,327.0,421.0,348.0,403.0,1.0,1.0,1.0,1.0,1.0,1.0,651.5,275.0
17573,Poperinge,373.692,372.0,326.0,421.0,347.0,400.0,1.0,1.0,1.0,1.0,1.0,1.0,647.0,275.0
17574,Oostende,376.662,380.0,327.0,422.0,353.0,401.0,1.0,1.0,1.0,1.0,1.0,1.0,655.0,275.0
17578,Geraardsbergen ,373.676,373.0,327.475,422.0,348.75,399.0,1.0,1.0,1.0,1.0,1.0,1.0,648.0,275.0
17582,Valenciennes,376.186,376.0,327.0,423.0,353.0,400.0,1.0,1.0,1.0,1.0,1.0,1.0,651.0,275.0
17588,Lille,374.604,377.0,327.0,422.525,348.0,398.25,1.0,1.0,1.0,1.0,1.0,1.0,652.0,275.0
17589,Torhout,375.052,374.0,327.475,422.0,350.0,400.0,1.0,1.0,1.0,1.0,1.0,1.0,649.0,275.0
17592,Sint-Niklaas,374.146,374.0,327.0,423.0,348.0,399.0,1.0,1.0,1.0,1.0,1.0,1.0,649.0,275.0
17594,Roeselare,373.472,372.0,327.0,422.0,349.0,397.0,1.0,1.0,1.0,1.0,1.0,1.0,647.0,275.0
17596,Soignies,376.218,377.0,326.0,422.0,350.0,402.0,1.0,1.0,1.0,1.0,1.0,1.0,652.0,275.0
17598,Enghien,373.548,374.5,326.475,422.0,347.0,399.0,1.0,1.0,1.0,1.0,1.0,1.0,649.5,275.0
17605,Arras,374.178,373.0,327.475,420.525,351.0,400.0,1.0,1.0,1.0,1.0,1.0,1.0,648.0,275.0
17606,Bailleul,374.954,375.0,327.0,422.0,351.0,400.0,1.0,1.0,1.0,1.0,1.0,1.0,650.0,275.0
17608,Hondschoote,373.952,372.0,326.0,422.0,349.0,399.25,1.0,1.0,1.0,1.0,1.0,1.0,647.0,275.0
17610,Condé-sur-l&#39;Escaut,373.344,374.0,326.0,421.0,348.0,396.25,1.0,1.0,1.0,1.0,1.0,1.0,649.0,275.0
17611,Douai,374.156,375.0,327.475,421.0,350.0,398.25,1.0,1.0,1.0,1.0,1.0,1.0,650.0,275.0
17612,Veurne,373.894,374.0,327.0,423.0,349.0,398.25,1.0,1.0,1.0,1.0,1.0,1.0,649.0,275.0
17620,Tielt,373.422,375.0,326.0,422.0,348.0,396.25,1.0,1.0,1.0,1.0,1.0,1.0,650.0,275.0
17622,Dunkerque,372.614,371.0,327.0,423.0,349.75,394.0,1.0,1.0,1.0,1.0,1.0,1.0,646.0,275.0
17625,Saint-Omer,374.574,376.5,327.0,421.0,347.75,400.0,1.0,1.0,1.0,1.0,1.0,1.0,651.5,275.0
17627,Menen,373.708,372.0,327.0,422.0,349.0,399.0,1.0,1.0,1.0,1.0,1.0,1.0,647.0,275.0
17630,Comines,374.976,375.0,327.0,421.0,351.0,399.0,1.0,1.0,1.0,1.0,1.0,1.0,650.0,275.0
17632,Tournai,373.604,373.0,327.0,422.0,346.0,401.0,1.0,1.0,1.0,1.0,1.0,1.0,648.0,275.0
17633,Oudenaarde,374.77,375.0,328.0,420.525,349.0,400.25,1.0,1.0,1.0,1.0,1.0,1.0,650.0,275.0
17634,Bergues,370.976,368.0,327.0,422.0,347.0,393.0,1.0,1.0,1.0,1.0,1.0,1.0,643.0,275.0
17635,Tourcoing,375.896,375.0,327.475,421.0,353.75,402.0,1.0,1.0,1.0,1.0,1.0,1.0,650.0,275.0
17670,Ath,373.762,372.0,327.475,422.0,351.0,398.0,1.0,1.0,1.0,1.0,1.0,1.0,647.0,275.0
17672,Cambrai,374.88,375.0,328.0,422.525,349.75,400.0,1.0,1.0,1.0,1.0,1.0,1.0,650.0,275.0
17673,Le Cateau-Cambrésis,374.03,373.5,326.475,422.0,349.0,398.0,1.0,1.0,1.0,1.0,1.0,1.0,648.5,275.0
17674,Béthune,376.102,377.0,327.0,422.0,351.0,402.0,1.0,1.0,1.0,1.0,1.0,1.0,652.0,275.0
17677,Armentières,372.974,372.0,327.0,421.525,347.0,398.0,1.0,1.0,1.0,1.0,1.0,1.0,647.0,275.0
17683,Bourbourg,373.926,374.0,326.475,422.0,350.0,396.25,1.0,1.0,1.0,1.0,1.0,1.0,649.0,275.0
17685,Binche,374.884,374.0,327.0,422.0,347.0,402.25,1.0,1.0,1.0,1.0,1.0,1.0,649.0,275.0
17705,Temse,375.16,372.5,328.0,423.0,351.0,398.0,1.0,1.0,1.0,1.0,1.0,1.0,647.5,275.0
17715,Arlon,373.508,374.0,328.0,421.0,349.0,398.0,1.0,1.0,1.0,1.0,1.0,1.0,649.0,275.0
17734,Eupen,374.566,374.0,329.0,422.0,349.0,402.0,1.0,1.0,1.0,1.0,1.0,1.0,649.0,275.0
18118,Turku,374.388,374.0,327.0,422.0,349.0,399.0,1.0,1.0,1.0,1.0,1.0,1.0,649.0,275.0
18124,Helsinki,123.44,123.0,101.0,148.0,111.0,135.0,1.0,1.0,1.0,1.0,1.0,1.0,398.0,275.0
18125,Pori,74.33,73.0,51.0,98.0,62.0,87.0,1.0,1.0,1.0,1.0,1.0,1.0,348.0,275.0
18126,Oulu,74.288,74.0,52.0,98.0,61.0,87.0,1.0,1.0,1.0,1.0,1.0,1.0,349.0,275.0
18426,Oppenheim,373.724,373.0,328.0,422.0,347.75,398.0,1.0,1.0,1.0,1.0,1.0,1.0,648.0,275.0
18436,Worms,374.928,375.0,327.0,422.0,348.0,402.0,1.0,1.0,1.0,1.0,1.0,1.0,650.0,275.0
18508,Bad Kreuznach,374.486,374.5,328.0,423.0,348.0,400.0,1.0,1.0,1.0,1.0,1.0,1.0,649.5,275.0
18662,Heidelberg,375.012,375.0,327.0,422.0,349.0,401.0,1.0,1.0,1.0,1.0,1.0,1.0,650.0,275.0
18686,Darmstadt,372.272,372.0,327.0,420.525,349.0,395.25,1.0,1.0,1.0,1.0,1.0,1.0,647.0,275.0
18726,Mannheim,374.132,375.0,326.0,422.525,348.0,399.0,1.0,1.0,1.0,1.0,1.0,1.0,650.0,275.0
19197,Ronse,375.274,375.0,327.0,422.0,352.0,400.0,1.0,1.0,1.0,1.0,1.0,1.0,650.0,275.0
