"","Sitio","Area","start","end"
"1","286",0.2,3449,3050
"2","99",0.3,3449,3050
"3","118",0.1,3449,3050
"4","41",0.2,3449,3050
"5","286",1.5,3049,2450
"6","313",0.1,3049,2450
"7","352",1.8,3049,2450
"8","334",0.2,3049,2450
"9","294",0.3,3049,2450
"10","346",0.3,3049,2450
"11","297",0.4,3049,2450
"12","391",1,3049,2450
"13","299",0.2,3049,2450
"14","414",2.5,3049,2450
"15","320",0.1,3049,2450
"16","308",0.2,3049,2450
"17","307",1.7,3049,2450
"18","304",3.2,3049,2450
"19","409",2.1,3049,2450
"20","305",1.8,3049,2450
"21","335",0.1,3049,2450
"22","413",3,3049,2450
"23","99",0.8,3049,2450
"24","342",0.1,3049,2450
"25","269",0.3,3049,2450
"26","80",0.1,3049,2450
"27","133",0.2,3049,2450
"28","102",0.2,3049,2450
"29","11",0.1,3049,2450
"30","129",0.4,3049,2450
"31","103",0.7,3049,2450
"32","139",2.1,3049,2450
"33","23",1.3,3049,2450
"34","49",0.5,3049,2450
"35","255",0.2,3049,2450
"36","254",0.8,3049,2450
"37","252",0.9,3049,2450
"38","48",0.1,3049,2450
"39","126",4.4,3049,2450
"40","27",1.1,3049,2450
"41","25",0.8,3049,2450
"42","29",0.9,3049,2450
"43","28",0.9,3049,2450
"44","44",0.2,3049,2450
"45","142",5.8,3049,2450
"46","43",0.4,3049,2450
"47","41",0.2,3049,2450
"48","140",0.1,3049,2450
"49","148",1.7,3049,2450
"50","58",0.6,3049,2450
"51","147",2.1,3049,2450
"52","163",0.2,3049,2450
"53","211",0.6,3049,2450
"54","225",0.1,3049,2450
"55","188",0.3,3049,2450
"56","164",2.4,3049,2450
"57","223",0.9,3049,2450
"58","198",1.1,3049,2450
"59","221",1.1,3049,2450
"60","341",2.1,2449,2050
"61","329",0.1,2449,2050
"62","286",36,2449,2050
"63","287",0.3,2449,2050
"64","405",4.6,2449,2050
"65","327",0.3,2449,2050
"66","246",0.4,2449,2050
"67","301",0.2,2449,2050
"68","313",0.4,2449,2050
"69","334",1.5,2449,2050
"70","294",0.3,2449,2050
"71","360",6.5,2449,2050
"72","297",0.1,2449,2050
"73","391",0.4,2449,2050
"74","414",3.2,2449,2050
"75","304",0.2,2449,2050
"76","409",0.3,2449,2050
"77","305",1.8,2449,2050
"78","335",0.1,2449,2050
"79","368",0.2,2449,2050
"80","413",0.8,2449,2050
"81","99",1.5,2449,2050
"82","269",0.3,2449,2050
"83","267",2.2,2449,2050
"84","231",0.2,2449,2050
"85","233",2,2449,2050
"86","118b",0.1,2449,2050
"87","230",1.8,2449,2050
"88","80",0.1,2449,2050
"89","133",2.4,2449,2050
"90","333",0.5,2449,2050
"91","401",0.2,2449,2050
"92","68",0.3,2449,2050
"93","212",0.3,2449,2050
"94","67",0.3,2449,2050
"95","235",0.2,2449,2050
"96","382",3.1,2449,2050
"97","383",0.6,2449,2050
"98","192",0.2,2449,2050
"99","177",1,2449,2050
"100","130",0.1,2449,2050
"101","87",0.1,2449,2050
"102","85",0.1,2449,2050
"103","178",0.9,2449,2050
"104","102",1.6,2449,2050
"105","11",0.1,2449,2050
"106","129",2.3,2449,2050
"107","103",2.8,2449,2050
"108","106",0.2,2449,2050
"109","139",2.9,2449,2050
"110","153",0.1,2449,2050
"111","22",0.1,2449,2050
"112","155",0.1,2449,2050
"113","159",0.4,2449,2050
"114","12",0.1,2449,2050
"115","200",0.1,2449,2050
"116","23",1.3,2449,2050
"117","238",2.1,2449,2050
"118","255",0.2,2449,2050
"119","254",0.8,2449,2050
"120","252",3.5,2449,2050
"121","48",0.1,2449,2050
"122","126",34,2449,2050
"123","253",0.4,2449,2050
"124","25",0.7,2449,2050
"125","270",1.3,2449,2050
"126","26",1.8,2449,2050
"127","29",0.9,2449,2050
"128","28",0.9,2449,2050
"129","284",0.5,2449,2050
"130","24",0.1,2449,2050
"131","128",0.2,2449,2050
"132","44",0.2,2449,2050
"133","142",8.9,2449,2050
"134","43",0.4,2449,2050
"135","41",0.8,2449,2050
"136","161",0.3,2449,2050
"137","148",1.7,2449,2050
"138","58",0.6,2449,2050
"139","180",0.1,2449,2050
"140","143",0.9,2449,2050
"141","144",1.1,2449,2050
"142","149",0.3,2449,2050
"143","147",2.1,2449,2050
"144","160",5.8,2449,2050
"145","199",0.3,2449,2050
"146","163",0.2,2449,2050
"147","211",0.6,2449,2050
"148","226",0.3,2449,2050
"149","220",0.1,2449,2050
"150","196",4.1,2449,2050
"151","168",0.9,2449,2050
"152","224",0.5,2449,2050
"153","188",0.3,2449,2050
"154","169",0.5,2449,2050
"155","165",0.5,2449,2050
"156","164",22.2,2449,2050
"157","223",0.9,2449,2050
"158","195",0.5,2449,2050
"159","198",1.5,2449,2050
"160","194",0.4,2449,2050
"161","221",2.8,2449,2050
"162","341",13.1,2049,1751
"163","329",0.1,2049,1751
"164","286",8.5,2049,1751
"165","406",0.4,2049,1751
"166","408",2.8,2049,1751
"167","358",10.6,2049,1751
"168","375",1.2,2049,1751
"169","407",0.3,2049,1751
"170","357",0.1,2049,1751
"171","376",4.1,2049,1751
"172","405",4.3,2049,1751
"173","354",0.3,2049,1751
"174","373",0.7,2049,1751
"175","359",0.4,2049,1751
"176","363",0.1,2049,1751
"177","327",0.1,2049,1751
"178","362",0.3,2049,1751
"179","246",5.3,2049,1751
"180","367",0.8,2049,1751
"181","371",0.8,2049,1751
"182","411",0.3,2049,1751
"183","917",0.2,2049,1751
"184","372",2,2049,1751
"185","412",2.1,2049,1751
"186","312",0.1,2049,1751
"187","352b",0.9,2049,1751
"188","310",0.2,2049,1751
"189","311",0.2,2049,1751
"190","334",2.7,2049,1751
"191","244",2.3,2049,1751
"192","353",0.5,2049,1751
"193","339",1.3,2049,1751
"194","232",5,2049,1751
"195","391",0.3,2049,1751
"196","886",6.2,2049,1751
"197","414",1.3,2049,1751
"198","242",0.3,2049,1751
"199","337",0.3,2049,1751
"200","95",0.4,2049,1751
"201","392",0.8,2049,1751
"202","309",0.1,2049,1751
"203","308b",0.4,2049,1751
"204","307b",1.9,2049,1751
"205","97",0.2,2049,1751
"206","304",2.7,2049,1751
"207","409",0.6,2049,1751
"208","305",1.8,2049,1751
"209","335",2.2,2049,1751
"210","915",0.8,2049,1751
"211","395",0.1,2049,1751
"212","368",0.4,2049,1751
"213","413",18.5,2049,1751
"214","321",0.3,2049,1751
"215","322",0.4,2049,1751
"216","63",1,2049,1751
"217","323",1,2049,1751
"218","326",0.5,2049,1751
"219","99",16.6,2049,1751
"220","93",0.1,2049,1751
"221","343",0.2,2049,1751
"222","342b",0.1,2049,1751
"223","96",0.1,2049,1751
"224","64",0.1,2049,1751
"225","316",0.7,2049,1751
"226","117",0.1,2049,1751
"227","331",0.1,2049,1751
"228","61",0.6,2049,1751
"229","332",1.2,2049,1751
"230","65",0.1,2049,1751
"231","133",1.5,2049,1751
"232","333",0.5,2049,1751
"233","401",2.4,2049,1751
"234","39",0.3,2049,1751
"235","135",0.1,2049,1751
"236","235",0.3,2049,1751
"237","73",0.1,2049,1751
"238","1",14.6,2049,1751
"239","33",5.8,2049,1751
"240","38",1,2049,1751
"241","5",0.1,2049,1751
"242","8",0.9,2049,1751
"243","74",0.1,2049,1751
"244","35",0.5,2049,1751
"245","76",0.3,2049,1751
"246","88",0.1,2049,1751
"247","77",0.3,2049,1751
"248","383",1.5,2049,1751
"249","9",0.8,2049,1751
"250","192",0.2,2049,1751
"251","101",0.9,2049,1751
"252","177",0.2,2049,1751
"253","89",0.2,2049,1751
"254","130",0.1,2049,1751
"255","100",0.3,2049,1751
"256","85",0.1,2049,1751
"257","131",0.1,2049,1751
"258","178",4.3,2049,1751
"259","84",0.1,2049,1751
"260","138",0.1,2049,1751
"261","129",1.9,2049,1751
"262","11",2.1,2049,1751
"263","103",0.5,2049,1751
"264","104",0.5,2049,1751
"265","106",0.5,2049,1751
"266","166",0.7,2049,1751
"267","21",0.6,2049,1751
"268","139",4.6,2049,1751
"269","154",0.1,2049,1751
"270","157",0.1,2049,1751
"271","908",0.6,2049,1751
"272","105",0.1,2049,1751
"273","12",8.3,2049,1751
"274","907",5.6,2049,1751
"275","151",6.7,2049,1751
"276","23",3.1,2049,1751
"277","237",1.3,2049,1751
"278","49b",0.5,2049,1751
"279","255",0.1,2049,1751
"280","254",0.8,2049,1751
"281","50",0.6,2049,1751
"282","52",0.1,2049,1751
"283","56",0.2,2049,1751
"284","40",0.3,2049,1751
"285","900",2.9,2049,1751
"286","126",19.7,2049,1751
"287","47",0.2,2049,1751
"288","123",0.1,2049,1751
"289","25",2.1,2049,1751
"290","41",0.2,2049,1751
"291","259",1,2049,1751
"292","26",1.3,2049,1751
"293","29",0.9,2049,1751
"294","28",0.8,2049,1751
"295","737",2.9,2049,1751
"296","24",0.3,2049,1751
"297","510",2.3,2049,1751
"298","142",5.6,2049,1751
"299","251",0.8,2049,1751
"300","914",0.1,2049,1751
"301","140b",1.2,2049,1751
"302","141",0.8,2049,1751
"303","148",3.3,2049,1751
"304","507",6.2,2049,1751
"305","905",1.3,2049,1751
"306","755",0.6,2049,1751
"307","149",1.4,2049,1751
"308","751",1.2,2049,1751
"309","147",3.9,2049,1751
"310","752",0.8,2049,1751
"311","160",5.8,2049,1751
"312","181",0.1,2049,1751
"313","747",2.6,2049,1751
"314","919",2.2,2049,1751
"315","211",0.6,2049,1751
"316","865",0.9,2049,1751
"317","802",0.4,2049,1751
"318","226",0.3,2049,1751
"319","749",0.1,2049,1751
"320","801",1.9,2049,1751
"321","920",2.4,2049,1751
"322","750",5.9,2049,1751
"323","918",1,2049,1751
"324","196",7.6,2049,1751
"325","811",0.4,2049,1751
"326","224",2,2049,1751
"327","165",0.2,2049,1751
"328","812",2.5,2049,1751
"329","821",0.9,2049,1751
"330","922",0.4,2049,1751
"331","195",0.5,2049,1751
"332","198",1.5,2049,1751
"333","530",5.9,2049,1751
"334","921",1.9,2049,1751
"335","341",13.1,1750,1651
"336","340",0.1,1750,1651
"337","329",0.1,1750,1651
"338","286",36.1,1750,1651
"339","408",2.8,1750,1651
"340","358",10.6,1750,1651
"341","375",1.2,1750,1651
"342","407",0.3,1750,1651
"343","373",1.6,1750,1651
"344","354",0.3,1750,1651
"345","405",7.3,1750,1651
"346","359",0.4,1750,1651
"347","363",0.1,1750,1651
"348","327",0.1,1750,1651
"349","362",0.3,1750,1651
"350","246",20.2,1750,1651
"351","361",0.2,1750,1651
"352","367",0.8,1750,1651
"353","371",0.8,1750,1651
"354","411",0.4,1750,1651
"355","412",6.6,1750,1651
"356","312",0.1,1750,1651
"357","352b",1.8,1750,1651
"358","310",0.2,1750,1651
"359","311",0.2,1750,1651
"360","334",37.4,1750,1651
"361","244",2.3,1750,1651
"362","353",2.4,1750,1651
"363","339",1.3,1750,1651
"364","294b",0.7,1750,1651
"365","360b",11.6,1750,1651
"366","232",62.6,1750,1651
"367","391",17.6,1750,1651
"368","346b",0.5,1750,1651
"369","349",0.4,1750,1651
"370","338",0.1,1750,1651
"371","299b",3.2,1750,1651
"372","414",3.2,1750,1651
"373","242",0.3,1750,1651
"374","393",1.2,1750,1651
"375","337",0.3,1750,1651
"376","324",0.2,1750,1651
"377","95",0.4,1750,1651
"378","400",0.2,1750,1651
"379","309",0.1,1750,1651
"380","320b",0.4,1750,1651
"381","247",1.3,1750,1651
"382","345",0.1,1750,1651
"383","308b",0.4,1750,1651
"384","307b",1.9,1750,1651
"385","94",0.1,1750,1651
"386","97",0.2,1750,1651
"387","260",1.1,1750,1651
"388","304",3.2,1750,1651
"389","336",0.1,1750,1651
"390","262",0.2,1750,1651
"391","264",0.1,1750,1651
"392","409",0.6,1750,1651
"393","305",1.9,1750,1651
"394","335",2.2,1750,1651
"395","915",0.8,1750,1651
"396","395",0.1,1750,1651
"397","368",0.8,1750,1651
"398","413",18.5,1750,1651
"399","916",1,1750,1651
"400","282",0.2,1750,1651
"401","321",0.3,1750,1651
"402","322",0.4,1750,1651
"403","63",1,1750,1651
"404","323",1,1750,1651
"405","326",0.5,1750,1651
"406","112",0.3,1750,1651
"407","99",23.8,1750,1651
"408","92",0.2,1750,1651
"409","93",0.1,1750,1651
"410","343",5.9,1750,1651
"411","317",0.9,1750,1651
"412","342b",0.1,1750,1651
"413","96",0.2,1750,1651
"414","115",0.1,1750,1651
"415","314",6.1,1750,1651
"416","268",0.1,1750,1651
"417","64",0.1,1750,1651
"418","267b",4.4,1750,1651
"419","266",3.5,1750,1651
"420","316",0.7,1750,1651
"421","382b",12,1750,1651
"422","116",0.1,1750,1651
"423","231b",2.9,1750,1651
"424","233b",1.4,1750,1651
"425","117",0.1,1750,1651
"426","218",0.4,1750,1651
"427","219",6,1750,1651
"428","118c",0.9,1750,1651
"429","331",0.1,1750,1651
"430","61",0.6,1750,1651
"431","230b",3.3,1750,1651
"432","332",1.2,1750,1651
"433","65",0.1,1750,1651
"434","133",1.7,1750,1651
"435","333",0.5,1750,1651
"436","214",0.2,1750,1651
"437","234",0.5,1750,1651
"438","37",4.9,1750,1651
"439","39",0.3,1750,1651
"440","135",0.1,1750,1651
"441","68b",0.1,1750,1651
"442","212b",0.4,1750,1651
"443","235",0.3,1750,1651
"444","73",0.1,1750,1651
"445","1",16.7,1750,1651
"446","33",5.8,1750,1651
"447","38",1,1750,1651
"448","34",1.1,1750,1651
"449","5",0.1,1750,1651
"450","2",0.2,1750,1651
"451","75",0.1,1750,1651
"452","8",1.2,1750,1651
"453","74",0.1,1750,1651
"454","4",0.1,1750,1651
"455","35",0.7,1750,1651
"456","171",0.2,1750,1651
"457","7",1,1750,1651
"458","76",0.3,1750,1651
"459","88",0.1,1750,1651
"460","77",0.7,1750,1651
"461","383",1.5,1750,1651
"462","3",0.2,1750,1651
"463","176",0.1,1750,1651
"464","229",0.7,1750,1651
"465","388",0.7,1750,1651
"466","9",0.8,1750,1651
"467","192",0.2,1750,1651
"468","101",0.9,1750,1651
"469","89",0.2,1750,1651
"470","130",0.1,1750,1651
"471","87b",0.2,1750,1651
"472","100",0.3,1750,1651
"473","132",0.1,1750,1651
"474","85",0.1,1750,1651
"475","131",0.1,1750,1651
"476","178",2.2,1750,1651
"477","84",0.1,1750,1651
"478","86",0.4,1750,1651
"479","102b",0.1,1750,1651
"480","138",0.2,1750,1651
"481","152",0.2,1750,1651
"482","11",2.1,1750,1651
"483","129",4.4,1750,1651
"484","103",2.5,1750,1651
"485","104",0.5,1750,1651
"486","106",0.5,1750,1651
"487","166",0.1,1750,1651
"488","21",0.6,1750,1651
"489","139",5.5,1750,1651
"490","153b",0.1,1750,1651
"491","154",0.1,1750,1651
"492","157",0.1,1750,1651
"493","108",2.6,1750,1651
"494","105",0.1,1750,1651
"495","12",14.6,1750,1651
"496","151",80.4,1750,1651
"497","23",3.1,1750,1651
"498","14",0.3,1750,1651
"499","238b",17.8,1750,1651
"500","45",0.1,1750,1651
"501","237",1.3,1750,1651
"502","49b",0.5,1750,1651
"503","255",0.1,1750,1651
"504","254",0.8,1750,1651
"505","50",0.6,1750,1651
"506","170",0.1,1750,1651
"507","51",0.3,1750,1651
"508","52",0.1,1750,1651
"509","54",0.3,1750,1651
"510","16",0.2,1750,1651
"511","252b",5.9,1750,1651
"512","56",0.2,1750,1651
"513","239",1.1,1750,1651
"514","40",0.3,1750,1651
"515","125",0.1,1750,1651
"516","258",0.2,1750,1651
"517","19",0.1,1750,1651
"518","126",54.7,1750,1651
"519","47",0.2,1750,1651
"520","253b",11.3,1750,1651
"521","123",0.1,1750,1651
"522","25",2.2,1750,1651
"523","270b",0.8,1750,1651
"524","41",0.2,1750,1651
"525","259",1,1750,1651
"526","26",2.7,1750,1651
"527","29",0.9,1750,1651
"528","28",0.8,1750,1651
"529","284b",1.2,1750,1651
"530","24",0.3,1750,1651
"531","510",2.3,1750,1651
"532","107",1.8,1750,1651
"533","128b",0.3,1750,1651
"534","142",25.2,1750,1651
"535","251",5.7,1750,1651
"536","42",5.6,1750,1651
"537","140b",4.8,1750,1651
"538","141",6.8,1750,1651
"539","148",11,1750,1651
"540","507",6.5,1750,1651
"541","755",0.8,1750,1651
"542","58b",0.4,1750,1651
"543","149",2.1,1750,1651
"544","753",1.6,1750,1651
"545","751",4.8,1750,1651
"546","147",18.5,1750,1651
"547","752",1.8,1750,1651
"548","588",1,1750,1651
"549","160",9.8,1750,1651
"550","181",0.1,1750,1651
"551","919",2.2,1750,1651
"552","747",3.1,1750,1651
"553","163b",16,1750,1651
"554","211",0.6,1750,1651
"555","865",0.9,1750,1651
"556","800",0.9,1750,1651
"557","802",0.4,1750,1651
"558","749",0.1,1750,1651
"559","225b",0.1,1750,1651
"560","801",1.9,1750,1651
"561","220b",0.2,1750,1651
"562","750",7.3,1750,1651
"563","920",6.7,1750,1651
"564","196",16.8,1750,1651
"565","809",0.4,1750,1651
"566","168b",4.1,1750,1651
"567","224",9.9,1750,1651
"568","804",1.3,1750,1651
"569","923",0.1,1750,1651
"570","165",0.9,1750,1651
"571","812",3,1750,1651
"572","164b",23.4,1750,1651
"573","223b",1.8,1750,1651
"574","807",0.6,1750,1651
"575","821",1.1,1750,1651
"576","814",0.3,1750,1651
"577","195",0.5,1750,1651
"578","198",1.5,1750,1651
"579","808",4.7,1750,1651
"580","194b",0.4,1750,1651
"581","530",31.7,1750,1651
"582","221b",2.5,1750,1651
"583","193",5.4,1750,1651
"584","126",48.9,1650,1501
"585","341",13.1,1650,1501
"586","340",0.1,1650,1501
"587","329",0.1,1650,1501
"588","286",36.1,1650,1501
"589","406b",0.4,1650,1501
"590","408",2.8,1650,1501
"591","358",0.7,1650,1501
"592","407",0.5,1650,1501
"593","375",1.2,1650,1501
"594","287b",0.3,1650,1501
"595","373",1.6,1650,1501
"596","354",0.3,1650,1501
"597","405",7.3,1650,1501
"598","370",0.3,1650,1501
"599","363",0.1,1650,1501
"600","327",0.1,1650,1501
"601","362",0.3,1650,1501
"602","246",20.2,1650,1501
"603","245",0.1,1650,1501
"604","361",0.2,1650,1501
"605","371",0.8,1650,1501
"606","411",0.4,1650,1501
"607","412",6.6,1650,1501
"608","312",0.1,1650,1501
"609","352b",1.8,1650,1501
"610","310",0.2,1650,1501
"611","311",0.2,1650,1501
"612","334",37.4,1650,1501
"613","353",2.4,1650,1501
"614","339",1.3,1650,1501
"615","294b",0.7,1650,1501
"616","360b",11.6,1650,1501
"617","232",62.6,1650,1501
"618","391",17.6,1650,1501
"619","346b",0.5,1650,1501
"620","349",0.4,1650,1501
"621","299b",3.2,1650,1501
"622","414",3.2,1650,1501
"623","242",0.3,1650,1501
"624","393",1.2,1650,1501
"625","337",0.3,1650,1501
"626","324",0.2,1650,1501
"627","95",0.4,1650,1501
"628","392b",0.8,1650,1501
"629","309",0.1,1650,1501
"630","320b",0.4,1650,1501
"631","247",1.3,1650,1501
"632","345",0.1,1650,1501
"633","308b",0.4,1650,1501
"634","307b",1.9,1650,1501
"635","94",0.1,1650,1501
"636","97",0.2,1650,1501
"637","260",1.1,1650,1501
"638","304",3.2,1650,1501
"639","264",0.1,1650,1501
"640","409",0.6,1650,1501
"641","305",1.8,1650,1501
"642","915",0.8,1650,1501
"643","368",0.4,1650,1501
"644","413",18.5,1650,1501
"645","335",2.2,1650,1501
"646","282",0.2,1650,1501
"647","321",0.3,1650,1501
"648","322",0.4,1650,1501
"649","63",1,1650,1501
"650","323",1,1650,1501
"651","326",0.5,1650,1501
"652","112",0.3,1650,1501
"653","99",22,1650,1501
"654","92",0.2,1650,1501
"655","93",0.1,1650,1501
"656","343",5.9,1650,1501
"657","317",0.9,1650,1501
"658","342b",0.1,1650,1501
"659","96",0.2,1650,1501
"660","115",0.1,1650,1501
"661","314",6,1650,1501
"662","268",0.1,1650,1501
"663","64",0.1,1650,1501
"664","267b",4.4,1650,1501
"665","266",3.5,1650,1501
"666","316",0.7,1650,1501
"667","382b",13.1,1650,1501
"668","116",0.1,1650,1501
"669","231b",2.9,1650,1501
"670","233b",1.4,1650,1501
"671","117",0.1,1650,1501
"672","218",0.4,1650,1501
"673","219",6,1650,1501
"674","118c",0.9,1650,1501
"675","331",0.1,1650,1501
"676","61",0.6,1650,1501
"677","230b",3.3,1650,1501
"678","332",1.2,1650,1501
"679","65",0.1,1650,1501
"680","133",1.7,1650,1501
"681","214",0.2,1650,1501
"682","234",0.5,1650,1501
"683","330",0.3,1650,1501
"684","401b",2.4,1650,1501
"685","37",4.9,1650,1501
"686","39",0.3,1650,1501
"687","135",0.1,1650,1501
"688","68b",0.1,1650,1501
"689","212b",0.8,1650,1501
"690","235",0.3,1650,1501
"691","73",0.1,1650,1501
"692","1",16.7,1650,1501
"693","33",5.8,1650,1501
"694","38",1,1650,1501
"695","34",1.1,1650,1501
"696","2",0.2,1650,1501
"697","75",0.1,1650,1501
"698","8",0.6,1650,1501
"699","74",0.1,1650,1501
"700","4",0.1,1650,1501
"701","35",0.7,1650,1501
"702","171",0.2,1650,1501
"703","7",1,1650,1501
"704","76",0.3,1650,1501
"705","88",0.1,1650,1501
"706","77",0.7,1650,1501
"707","3",0.2,1650,1501
"708","176",0.1,1650,1501
"709","229",0.7,1650,1501
"710","383",5,1650,1501
"711","388",0.7,1650,1501
"712","9",0.8,1650,1501
"713","192",0.1,1650,1501
"714","101",0.9,1650,1501
"715","177b",0.6,1650,1501
"716","89",0.2,1650,1501
"717","87b",0.2,1650,1501
"718","100",0.3,1650,1501
"719","132",0.1,1650,1501
"720","85",0.1,1650,1501
"721","131",0.1,1650,1501
"722","84",0.1,1650,1501
"723","102b",0.1,1650,1501
"724","138",0.2,1650,1501
"725","152",0.2,1650,1501
"726","11",2.1,1650,1501
"727","129",4.4,1650,1501
"728","103",2.5,1650,1501
"729","104",0.5,1650,1501
"730","106",0.5,1650,1501
"731","166",0.1,1650,1501
"732","21",0.6,1650,1501
"733","139",5.5,1650,1501
"734","153b",0.1,1650,1501
"735","154",0.1,1650,1501
"736","157",0.1,1650,1501
"737","108",2.6,1650,1501
"738","105",0.1,1650,1501
"739","12",14.6,1650,1501
"740","151",78.8,1650,1501
"741","23",3.1,1650,1501
"742","14",0.3,1650,1501
"743","238b",17.8,1650,1501
"744","45",0.1,1650,1501
"745","237",1.3,1650,1501
"746","49b",0.5,1650,1501
"747","255",0.1,1650,1501
"748","50",0.6,1650,1501
"749","170",0.1,1650,1501
"750","51",0.3,1650,1501
"751","52",0.1,1650,1501
"752","54",0.3,1650,1501
"753","16",0.2,1650,1501
"754","252b",5.9,1650,1501
"755","56",0.2,1650,1501
"756","40",0.3,1650,1501
"757","258",0.2,1650,1501
"758","19",0.1,1650,1501
"759","47",0.2,1650,1501
"760","253b",11.3,1650,1501
"761","123",0.1,1650,1501
"762","25",2.2,1650,1501
"763","270b",0.8,1650,1501
"764","41",0.2,1650,1501
"765","26",2.7,1650,1501
"766","28",0.8,1650,1501
"767","284b",1.2,1650,1501
"768","24",0.3,1650,1501
"769","510",2.3,1650,1501
"770","107",1.8,1650,1501
"771","128b",0.3,1650,1501
"772","142",18.4,1650,1501
"773","251",5.7,1650,1501
"774","42",5.6,1650,1501
"775","140b",4.8,1650,1501
"776","141",6.8,1650,1501
"777","148",11,1650,1501
"778","507",6.5,1650,1501
"779","755",0.8,1650,1501
"780","58b",0.4,1650,1501
"781","149",2.1,1650,1501
"782","753",2.3,1650,1501
"783","751",5.2,1650,1501
"784","147",18.5,1650,1501
"785","752",1.8,1650,1501
"786","588",1,1650,1501
"787","160",9.8,1650,1501
"788","747",3.5,1650,1501
"789","163b",15.1,1650,1501
"790","211",0.6,1650,1501
"791","865",0.9,1650,1501
"792","800",0.9,1650,1501
"793","802",0.4,1650,1501
"794","749",0.1,1650,1501
"795","801",1.4,1650,1501
"796","225b",0.1,1650,1501
"797","220b",0.2,1650,1501
"798","750",7.3,1650,1501
"799","920",6.7,1650,1501
"800","196",16.8,1650,1501
"801","168b",4.1,1650,1501
"802","224",9.9,1650,1501
"803","923",0.1,1650,1501
"804","804",2.3,1650,1501
"805","165",0.9,1650,1501
"806","164b",19.4,1650,1501
"807","223b",1.8,1650,1501
"808","812",1.6,1650,1501
"809","807",0.6,1650,1501
"810","821",1.9,1650,1501
"811","195",0.5,1650,1501
"812","808",10.5,1650,1501
"813","198",1.5,1650,1501
"814","194b",0.4,1650,1501
"815","221b",2.5,1650,1501
"816","530",4.5,1650,1501
"817","341",12.3,1500,1351
"818","340",0.1,1500,1351
"819","329",0.1,1500,1351
"820","379",0.4,1500,1351
"821","358",1.3,1500,1351
"822","375",1.2,1500,1351
"823","287b",0.3,1500,1351
"824","356",0.2,1500,1351
"825","354",0.3,1500,1351
"826","359b",0.4,1500,1351
"827","363",0.1,1500,1351
"828","246",0.2,1500,1351
"829","245",0.1,1500,1351
"830","371",0.1,1500,1351
"831","411",0.1,1500,1351
"832","412",0.6,1500,1351
"833","312",0.1,1500,1351
"834","352b",0.9,1500,1351
"835","310",0.2,1500,1351
"836","334",0.4,1500,1351
"837","353",2.5,1500,1351
"838","339",1.3,1500,1351
"839","232",2.4,1500,1351
"840","913",2.1,1500,1351
"841","414",1.9,1500,1351
"842","242",0.3,1500,1351
"843","324",0.2,1500,1351
"844","886b",2.7,1500,1351
"845","392b",0.8,1500,1351
"846","95",0.2,1500,1351
"847","309",0.1,1500,1351
"848","308b",0.1,1500,1351
"849","97",0.1,1500,1351
"850","304",2.7,1500,1351
"851","262b",0.4,1500,1351
"852","305",0.6,1500,1351
"853","409",0.1,1500,1351
"854","335",2.2,1500,1351
"855","915",0.8,1500,1351
"856","368",0.4,1500,1351
"857","321",0.3,1500,1351
"858","322",0.4,1500,1351
"859","63",1,1500,1351
"860","413",10.3,1500,1351
"861","99",16.8,1500,1351
"862","93",0.1,1500,1351
"863","343",0.9,1500,1351
"864","342b",0.1,1500,1351
"865","96",0.1,1500,1351
"866","115",0.1,1500,1351
"867","64",0.1,1500,1351
"868","116",0.1,1500,1351
"869","233b",4.4,1500,1351
"870","219",0.9,1500,1351
"871","118c",0.1,1500,1351
"872","230b",0.2,1500,1351
"873","318",0.1,1500,1351
"874","332",1.2,1500,1351
"875","65",0.1,1500,1351
"876","133",0.8,1500,1351
"877","214",0.1,1500,1351
"878","330",0.3,1500,1351
"879","39",0.3,1500,1351
"880","135",0.1,1500,1351
"881","73",0.1,1500,1351
"882","1",11.3,1500,1351
"883","38",0.1,1500,1351
"884","5b",0.1,1500,1351
"885","75",0.1,1500,1351
"886","8",0.3,1500,1351
"887","74",0.1,1500,1351
"888","4",0.1,1500,1351
"889","7",1,1500,1351
"890","76",0.3,1500,1351
"891","383",0.2,1500,1351
"892","88",0.1,1500,1351
"893","77",0.3,1500,1351
"894","3",0.2,1500,1351
"895","9",0.8,1500,1351
"896","192",0.2,1500,1351
"897","177b",0.9,1500,1351
"898","101",0.9,1500,1351
"899","87b",0.2,1500,1351
"900","178b",2.5,1500,1351
"901","85",0.1,1500,1351
"902","10",0.1,1500,1351
"903","138",0.2,1500,1351
"904","129",0.8,1500,1351
"905","11",2.1,1500,1351
"906","103",0.5,1500,1351
"907","104",0.5,1500,1351
"908","106",0.5,1500,1351
"909","21",0.3,1500,1351
"910","139",2.1,1500,1351
"911","154",0.1,1500,1351
"912","108",2.6,1500,1351
"913","105",0.1,1500,1351
"914","12",6.5,1500,1351
"915","911",0.2,1500,1351
"916","910",1.5,1500,1351
"917","151",4,1500,1351
"918","909",2.6,1500,1351
"919","14",0.1,1500,1351
"920","238b",1.1,1500,1351
"921","45",0.1,1500,1351
"922","49b",0.4,1500,1351
"923","50",0.4,1500,1351
"924","51",0.3,1500,1351
"925","901",0.9,1500,1351
"926","56",0.2,1500,1351
"927","902",1,1500,1351
"928","19",0.2,1500,1351
"929","126",5.5,1500,1351
"930","253b",2.1,1500,1351
"931","123",0.1,1500,1351
"932","41",0.1,1500,1351
"933","903",1.2,1500,1351
"934","29b",0.9,1500,1351
"935","28",0.6,1500,1351
"936","904",2,1500,1351
"937","24",0.2,1500,1351
"938","107",1.8,1500,1351
"939","510",1.7,1500,1351
"940","142",1.8,1500,1351
"941","140b",0.6,1500,1351
"942","42",5.6,1500,1351
"943","141",4.9,1500,1351
"944","148",1.2,1500,1351
"945","507",2.4,1500,1351
"946","755",0.6,1500,1351
"947","58b",0.4,1500,1351
"948","906",0.9,1500,1351
"949","180b",0.1,1500,1351
"950","149",0.1,1500,1351
"951","753",1.7,1500,1351
"952","751",3.2,1500,1351
"953","147",2.5,1500,1351
"954","752",0.8,1500,1351
"955","163b",1.8,1500,1351
"956","211",0.6,1500,1351
"957","160",2,1500,1351
"958","920",2.4,1500,1351
"959","801",0.5,1500,1351
"960","750",2.6,1500,1351
"961","912",2.1,1500,1351
"962","818",0.6,1500,1351
"963","196",3.5,1500,1351
"964","164b",5.4,1500,1351
"965","821",0.3,1500,1351
"966","808",2.5,1500,1351
"967","194b",0.1,1500,1351
"968","193b",1.3,1500,1351
"969","530",1.5,1500,1351
"970","329",0.1,1350,1101
"971","341",1,1350,1101
"972","286b",36.1,1350,1101
"973","376b",2.2,1350,1101
"974","371",0.3,1350,1101
"975","723",2.6,1350,1101
"976","152b",0.1,1350,1101
"977","312",0.1,1350,1101
"978","311b",0.1,1350,1101
"979","310",0.2,1350,1101
"980","308b",0.1,1350,1101
"981","334",0.4,1350,1101
"982","314b",0.9,1350,1101
"983","393b",1.2,1350,1101
"984","392b",0.8,1350,1101
"985","307c",1.7,1350,1101
"986","326b",0.5,1350,1101
"987","306",0.3,1350,1101
"988","335",22.8,1350,1101
"989","350",1.3,1350,1101
"990","299c",0.2,1350,1101
"991","382c",13.1,1350,1101
"992","267c",4.4,1350,1101
"993","133",0.3,1350,1101
"994","235b",0.2,1350,1101
"995","113",0.9,1350,1101
"996","228",0.1,1350,1101
"997","212c",0.2,1350,1101
"998","238b",2.1,1350,1101
"999","1",0.3,1350,1101
"1000","177b",1,1350,1101
"1001","132b",0.1,1350,1101
"1002","86b",0.4,1350,1101
"1003","131b",0.1,1350,1101
"1004","85",0.1,1350,1101
"1005","266b",3.5,1350,1101
"1006","104",0.4,1350,1101
"1007","127",0.3,1350,1101
"1008","12",0.4,1350,1101
"1009","200b",0.1,1350,1101
"1010","204",0.1,1350,1101
"1011","201",0.1,1350,1101
"1012","23b",1.3,1350,1101
"1013","411",0.2,1350,1101
"1014","203",0.1,1350,1101
"1015","202",0.1,1350,1101
"1016","50",0.3,1350,1101
"1017","51",0.3,1350,1101
"1018","52b",0.3,1350,1101
"1019","54b",0.3,1350,1101
"1020","53",0.7,1350,1101
"1021","252c",0.7,1350,1101
"1022","40b",0.3,1350,1101
"1023","125b",0.1,1350,1101
"1024","124",0.2,1350,1101
"1025","599",1.1,1350,1101
"1026","598",3.2,1350,1101
"1027","253b",4.1,1350,1101
"1028","25b",1.3,1350,1101
"1029","126",34,1350,1101
"1030","270c",1.3,1350,1101
"1031","26b",2.8,1350,1101
"1032","735",5.3,1350,1101
"1033","700",4.8,1350,1101
"1034","700b",4.8,1350,1101
"1035","734",1.3,1350,1101
"1036","582",2,1350,1101
"1037","272",0.2,1350,1101
"1038","251b",6.5,1350,1101
"1039","42",6.3,1350,1101
"1040","128c",0.2,1350,1101
"1041","142",0.2,1350,1101
"1042","141",0.2,1350,1101
"1043","11",2,1350,1101
"1044","579",7.1,1350,1101
"1045","148",6.8,1350,1101
"1046","743",1.7,1350,1101
"1047","58b",0.5,1350,1101
"1048","744",0.1,1350,1101
"1049","143b",1.1,1350,1101
"1050","149",0.2,1350,1101
"1051","144b",1.3,1350,1101
"1052","746",1.8,1350,1101
"1053","147",11.4,1350,1101
"1054","71",1,1350,1101
"1055","184",0.2,1350,1101
"1056","745",0.3,1350,1101
"1057","593",2,1350,1101
"1058","273",0.4,1350,1101
"1059","774",1,1350,1101
"1060","185",2.5,1350,1101
"1061","851",0.2,1350,1101
"1062","160",6.2,1350,1101
"1063","226b",0.6,1350,1101
"1064","790",5.5,1350,1101
"1065","789",0.4,1350,1101
"1066","225c",0.1,1350,1101
"1067","788",1.1,1350,1101
"1068","741",0.1,1350,1101
"1069","798",1.3,1350,1101
"1070","792",0.6,1350,1101
"1071","164b",25.6,1350,1101
"1072","169b",0.5,1350,1101
"1073","189",10.1,1350,1101
"1074","793",3,1350,1101
"1075","14",0.9,1350,1101
"1076","797",1.2,1350,1101
"1077","794",1.3,1350,1101
"1078","795",0.4,1350,1101
"1079","221c",2.8,1350,1101
"1080","193b",5.5,1350,1101
"1081","796",0.6,1350,1101
"1082","341",0.1,1100,801
"1083","256",0.3,1100,801
"1084","246b",0.3,1100,801
"1085","371",0.3,1100,801
"1086","312",0.1,1100,801
"1087","290",0.3,1100,801
"1088","294c",0.1,1100,801
"1089","887",0.2,1100,801
"1090","295",2,1100,801
"1091","350",1.1,1100,801
"1092","360c",0.1,1100,801
"1093","351",0.2,1100,801
"1094","299c",0.7,1100,801
"1095","334",0.2,1100,801
"1096","297b",0.1,1100,801
"1097","391b",1.1,1100,801
"1098","392b",0.4,1100,801
"1099","95b",0.2,1100,801
"1100","309b",0.1,1100,801
"1101","306",0.3,1100,801
"1102","282b",0.2,1100,801
"1103","321b",0.3,1100,801
"1104","112b",0.3,1100,801
"1105","343b",0.4,1100,801
"1106","266b",0.8,1100,801
"1107","96b",0.1,1100,801
"1108","268b",0.1,1100,801
"1109","91",0.1,1100,801
"1110","280",0.4,1100,801
"1111","267c",1.5,1100,801
"1112","233c",0.6,1100,801
"1113","133",0.3,1100,801
"1114","80b",1,1100,801
"1115","21b",0.1,1100,801
"1116","1",0.1,1100,801
"1117","36",0.1,1100,801
"1118","190",0.1,1100,801
"1119","77b",0.3,1100,801
"1120","383b",0.1,1100,801
"1121","78",0.3,1100,801
"1122","89b",0.1,1100,801
"1123","178c",0.9,1100,801
"1124","132b",0.1,1100,801
"1125","84b",0.1,1100,801
"1126","86b",0.7,1100,801
"1127","207",0.1,1100,801
"1128","11",0.1,1100,801
"1129","103b",0.7,1100,801
"1130","137",0.2,1100,801
"1131","104",0.4,1100,801
"1132","106b",0.3,1100,801
"1133","166b",0.1,1100,801
"1134","200b",0.1,1100,801
"1135","139b",0.3,1100,801
"1136","12",0.4,1100,801
"1137","206",0.6,1100,801
"1138","204",0.1,1100,801
"1139","205",0.1,1100,801
"1140","23b",3.3,1100,801
"1141","203",0.1,1100,801
"1142","238b",0.8,1100,801
"1143","202",1.9,1100,801
"1144","779",0.7,1100,801
"1145","201",7.6,1100,801
"1146","50",0.6,1100,801
"1147","51",0.1,1100,801
"1148","52b",0.3,1100,801
"1149","57",0.5,1100,801
"1150","54b",0.3,1100,801
"1151","55",0.1,1100,801
"1152","53",0.7,1100,801
"1153","56b",0.3,1100,801
"1154","122",0.5,1100,801
"1155","18",0.2,1100,801
"1156","258b",0.5,1100,801
"1157","125b",0.1,1100,801
"1158","124",0.2,1100,801
"1159","19b",0.1,1100,801
"1160","126",54.7,1100,801
"1161","30",0.8,1100,801
"1162","40b",0.3,1100,801
"1163","31",0.7,1100,801
"1164","32",0.4,1100,801
"1165","25b",2.2,1100,801
"1166","127",0.7,1100,801
"1167","26b",1.4,1100,801
"1168","142",5.3,1100,801
"1169","284c",0.7,1100,801
"1170","24b",0.2,1100,801
"1171","128c",0.3,1100,801
"1172","580",8,1100,801
"1173","42",0.6,1100,801
"1174","733",9.9,1100,801
"1175","140c",4.2,1100,801
"1176","251b",0.4,1100,801
"1177","141",5.2,1100,801
"1178","581",3.1,1100,801
"1179","148",13,1100,801
"1180","41b",6.4,1100,801
"1181","763",0.1,1100,801
"1182","58b",1.1,1100,801
"1183","143b",1,1100,801
"1184","144b",1.3,1100,801
"1185","149",0.2,1100,801
"1186","741",0.1,1100,801
"1187","742",11,1100,801
"1188","59",0.1,1100,801
"1189","740",0.1,1100,801
"1190","184",0.2,1100,801
"1191","147",30.6,1100,801
"1192","529",0.2,1100,801
"1193","181b",0.1,1100,801
"1194","273",0.1,1100,801
"1195","528",0.2,1100,801
"1196","163c",22.1,1100,801
"1197","199b",0.7,1100,801
"1198","739",3.6,1100,801
"1199","185",0.9,1100,801
"1200","211b",0.6,1100,801
"1201","569",0.9,1100,801
"1202","160",6.2,1100,801
"1203","226b",0.6,1100,801
"1204","570",0.4,1100,801
"1205","225c",0.1,1100,801
"1206","773",0.1,1100,801
"1207","850",1.1,1100,801
"1208","164b",25.6,1100,801
"1209","220c",0.2,1100,801
"1210","196b",1.2,1100,801
"1211","527",0.3,1100,801
"1212","572",0.2,1100,801
"1213","224b",4,1100,801
"1214","168c",2,1100,801
"1215","571",0.5,1100,801
"1216","785",8.7,1100,801
"1217","782",2.5,1100,801
"1218","568",16.9,1100,801
"1219","223c",1.8,1100,801
"1220","786",0.9,1100,801
"1221","784",2.3,1100,801
"1222","195b",0.1,1100,801
"1223","222",0.6,1100,801
"1224","198b",1.1,1100,801
"1225","787",5.9,1100,801
"1226","221c",4.5,1100,801
"1227","530b",0.3,1100,801
"1228","783",0.2,1100,801
"1229","193b",0.6,1100,801
"1230","341",5,800,651
"1231","256",1.1,800,651
"1232","358b",10.6,800,651
"1233","375b",0.7,800,651
"1234","407b",0.5,800,651
"1235","287c",0.3,800,651
"1236","405b",3.4,800,651
"1237","354b",0.1,800,651
"1238","390",0.2,800,651
"1239","363b",0.2,800,651
"1240","355",0.6,800,651
"1241","362b",1.2,800,651
"1242","365",0.1,800,651
"1243","246b",1.6,800,651
"1244","367b",0.8,800,651
"1245","361b",28.5,800,651
"1246","288",0.6,800,651
"1247","411b",0.2,800,651
"1248","366",0.3,800,651
"1249","313b",0.4,800,651
"1250","412b",1.7,800,651
"1251","311c",0.1,800,651
"1252","353b",4.5,800,651
"1253","348",1.2,800,651
"1254","300",1,800,651
"1255","350",1.3,800,651
"1256","360c",1.4,800,651
"1257","334",4.1,800,651
"1258","294c",0.1,800,651
"1259","351",0.2,800,651
"1260","325",0.2,800,651
"1261","297b",0.1,800,651
"1262","299c",3,800,651
"1263","391b",0.5,800,651
"1264","302",0.3,800,651
"1265","324b",0.4,800,651
"1266","309b",0.1,800,651
"1267","307d",0.8,800,651
"1268","397",0.3,800,651
"1269","249",0.1,800,651
"1270","394",2.4,800,651
"1271","305b",0.5,800,651
"1272","368b",0.2,800,651
"1273","396",0.6,800,651
"1274","335b",1.4,800,651
"1275","395b",6.7,800,651
"1276","326c",0.5,800,651
"1277","92b",0.2,800,651
"1278","93b",0.1,800,651
"1279","317b",0.9,800,651
"1280","269b",1.2,800,651
"1281","115b",0.1,800,651
"1282","314c",0.9,800,651
"1283","113b",0.5,800,651
"1284","218b",0.3,800,651
"1285","118d",0.3,800,651
"1286","114",0.1,800,651
"1287","219b",1,800,651
"1288","119",0.1,800,651
"1289","133",0.3,800,651
"1290","318b",0.1,800,651
"1291","230c",1.2,800,651
"1292","240",0.2,800,651
"1293","401c",0.2,800,651
"1294","136",0.1,800,651
"1295","179",0.2,800,651
"1296","173",0.1,800,651
"1297","190",0.1,800,651
"1298","174",0.4,800,651
"1299","78",0.4,800,651
"1300","177c",0.8,800,651
"1301","383b",1.3,800,651
"1302","89b",0.2,800,651
"1303","100b",0.3,800,651
"1304","200b",25.6,800,651
"1305","154b",0.1,800,651
"1306","201",0.9,800,651
"1307","202",0.1,800,651
"1308","206",0.1,800,651
"1309","203",0.1,800,651
"1310","205",0.1,800,651
"1311","207",0.1,800,651
"1312","204",0.1,800,651
"1313","238b",2.7,800,651
"1314","50",0.1,800,651
"1315","16b",0.1,800,651
"1316","714",0.8,800,651
"1317","107b",0.9,800,651
"1318","53",0.3,800,651
"1319","208",0.1,800,651
"1320","126",0.3,800,651
"1321","239b",1.1,800,651
"1322","122",0.5,800,651
"1323","701",2.8,800,651
"1324","124",0.2,800,651
"1325","702",0.6,800,651
"1326","127",0.3,800,651
"1327","703",8.6,800,651
"1328","732",1.3,800,651
"1329","44b",0.2,800,651
"1330","41b",2.8,800,651
"1331","142",0.8,800,651
"1332","140c",1,800,651
"1333","148",3.8,800,651
"1334","506",5.7,800,651
"1335","526",0.1,800,651
"1336","708",0.8,800,651
"1337","524",0.3,800,651
"1338","525",0.8,800,651
"1339","523",2.6,800,651
"1340","59",0.1,800,651
"1341","594",0.2,800,651
"1342","596",31.2,800,651
"1343","163c",0.2,800,651
"1344","529",0.1,800,651
"1345","772",0.1,800,651
"1346","771",0.2,800,651
"1347","555",0.5,800,651
"1348","197",0.1,800,651
"1349","185",2.5,800,651
"1350","160",30.9,800,651
"1351","196b",1.2,800,651
"1352","164b",33.4,800,651
"1353","556",0.1,800,651
"1354","224b",3.4,800,651
"1355","188b",0.3,800,651
"1356","165b",2.9,800,651
"1357","557",0.2,800,651
"1358","558",0.8,800,651
"1359","559",1.1,800,651
"1360","198b",1.1,800,651
"1361","560",3.8,800,651
"1362","727",2.8,800,651
"1363","193b",5.5,800,651
"1364","341",4.9,650,511
"1365","379b",0.4,650,511
"1366","889",0.2,650,511
"1367","375b",1.2,650,511
"1368","407b",0.3,650,511
"1369","358b",4.2,650,511
"1370","405b",4.2,650,511
"1371","390",0.5,650,511
"1372","376c",1.5,650,511
"1373","354b",0.1,650,511
"1374","359c",0.4,650,511
"1375","363b",0.2,650,511
"1376","891",0.3,650,511
"1377","355",0.6,650,511
"1378","362b",1.2,650,511
"1379","245b",0.2,650,511
"1380","367b",0.8,650,511
"1381","246b",2.8,650,511
"1382","288",0.6,650,511
"1383","261",0.3,650,511
"1384","371b",0.3,650,511
"1385","361b",12.2,650,511
"1386","411b",0.2,650,511
"1387","366",0.3,650,511
"1388","412b",6.6,650,511
"1389","372b",2,650,511
"1390","313b",0.4,650,511
"1391","312b",0.1,650,511
"1392","311c",0.3,650,511
"1393","290b",0.3,650,511
"1394","353b",8.6,650,511
"1395","283",0.3,650,511
"1396","348",1.2,650,511
"1397","350",3.6,650,511
"1398","294c",0.1,650,511
"1399","346c",3.4,650,511
"1400","338b",0.4,650,511
"1401","349b",0.4,650,511
"1402","334",17.7,650,511
"1403","325",0.6,650,511
"1404","391b",28.8,650,511
"1405","302",0.3,650,511
"1406","299c",1.8,650,511
"1407","265",0.2,650,511
"1408","393c",1.2,650,511
"1409","337b",0.3,650,511
"1410","324b",1.5,650,511
"1411","392c",0.8,650,511
"1412","309b",0.1,650,511
"1413","320c",0.4,650,511
"1414","307d",0.8,650,511
"1415","398",0.2,650,511
"1416","260b",1.1,650,511
"1417","394",7.2,650,511
"1418","397",0.3,650,511
"1419","262c",0.5,650,511
"1420","249",0.1,650,511
"1421","248",0.2,650,511
"1422","396",1.2,650,511
"1423","395b",22.7,650,511
"1424","368b",0.4,650,511
"1425","335b",17.3,650,511
"1426","112c",0.5,650,511
"1427","344",0.1,650,511
"1428","281",0.2,650,511
"1429","110",0.1,650,511
"1430","111",0.1,650,511
"1431","317b",0.9,650,511
"1432","314c",2.1,650,511
"1433","316b",0.7,650,511
"1434","280b",0.8,650,511
"1435","231c",0.2,650,511
"1436","233d",3.7,650,511
"1437","218b",0.3,650,511
"1438","219b",5.8,650,511
"1439","82",0.1,650,511
"1440","118d",0.8,650,511
"1441","119",0.2,650,511
"1442","81",0.4,650,511
"1443","230c",1,650,511
"1444","318b",0.1,650,511
"1445","133",8.8,650,511
"1446","215",0.1,650,511
"1447","216",0.2,650,511
"1448","227",0.1,650,511
"1449","234b",0.2,650,511
"1450","213",0.8,650,511
"1451","236",0.4,650,511
"1452","401c",3,650,511
"1453","228b",0.3,650,511
"1454","212d",0.2,650,511
"1455","90",0.1,650,511
"1456","191",0.1,650,511
"1457","173",0.1,650,511
"1458","172",1.4,650,511
"1459","190",0.2,650,511
"1460","171b",0.4,650,511
"1461","382d",0.8,650,511
"1462","174",0.4,650,511
"1463","175",0.2,650,511
"1464","3b",1.5,650,511
"1465","176b",0.4,650,511
"1466","383b",3,650,511
"1467","78",0.4,650,511
"1468","86c",0.4,650,511
"1469","138b",0.2,650,511
"1470","152c",0.1,650,511
"1471","137b",0.2,650,511
"1472","204",0.1,650,511
"1473","200b",30.3,650,511
"1474","108b",28.3,650,511
"1475","155b",0.1,650,511
"1476","156",0.3,650,511
"1477","201",0.1,650,511
"1478","205",0.1,650,511
"1479","881",0.1,650,511
"1480","880",0.1,650,511
"1481","151b",0.3,650,511
"1482","203",24.5,650,511
"1483","202",5.5,650,511
"1484","207",0.1,650,511
"1485","206",0.1,650,511
"1486","238b",4.4,650,511
"1487","255b",0.5,650,511
"1488","107b",8.5,650,511
"1489","713",0.6,650,511
"1490","126",0.3,650,511
"1491","239b",1.1,650,511
"1492","120",0.7,650,511
"1493","122",0.5,650,511
"1494","250",0.05,650,511
"1495","121",0.3,650,511
"1496","124",0.3,650,511
"1497","19c",0.2,650,511
"1498","704",32.2,650,511
"1499","123b",0.4,650,511
"1500","127",0.5,650,511
"1501","183",0.2,650,511
"1502","128d",0.3,650,511
"1503","584",1.1,650,511
"1504","140c",4.8,650,511
"1505","141b",0.4,650,511
"1506","148",2,650,511
"1507","25c",0.3,650,511
"1508","583",18.4,650,511
"1509","764",13,650,511
"1510","59",0.3,650,511
"1511","71b",1,650,511
"1512","70",0.3,650,511
"1513","160",84.3,650,511
"1514","273b",0.4,650,511
"1515","163c",0.2,650,511
"1516","197",0.1,650,511
"1517","551",2.4,650,511
"1518","199c",0.3,650,511
"1519","185",0.8,650,511
"1520","552",1.9,650,511
"1521","225d",0.1,650,511
"1522","554",1.7,650,511
"1523","220d",0.3,650,511
"1524","553",6.9,650,511
"1525","187",0.1,650,511
"1526","550",1,650,511
"1527","224b",10.6,650,511
"1528","165b",2.9,650,511
"1529","189b",0.6,650,511
"1530","549",2.8,650,511
"1531","223d",0.9,650,511
"1532","548",1.4,650,511
"1533","164b",9.8,650,511
"1534","221d",2.8,650,511
"1535","726",4.3,650,511
"1536","193b",5.5,650,511
"1537","341",13,510,431
"1538","329b",0.1,510,431
"1539","375b",0.7,510,431
"1540","358b",3.1,510,431
"1541","377",0.5,510,431
"1542","390",0.5,510,431
"1543","376c",1.5,510,431
"1544","354b",0.3,510,431
"1545","405b",7.3,510,431
"1546","373b",4.2,510,431
"1547","359c",0.1,510,431
"1548","363b",1,510,431
"1549","362b",1.2,510,431
"1550","245b",0.2,510,431
"1551","361b",3.6,510,431
"1552","367b",0.1,510,431
"1553","246b",2.8,510,431
"1554","288",0.6,510,431
"1555","261",1.9,510,431
"1556","411b",0.2,510,431
"1557","892",3.8,510,431
"1558","372b",2,510,431
"1559","412b",5,510,431
"1560","290b",0.3,510,431
"1561","353b",8.6,510,431
"1562","283",0.3,510,431
"1563","348",1.2,510,431
"1564","298",0.8,510,431
"1565","350",3.6,510,431
"1566","294c",0.3,510,431
"1567","346c",1.6,510,431
"1568","338b",0.4,510,431
"1569","334",13.3,510,431
"1570","325",0.6,510,431
"1571","391b",26.9,510,431
"1572","299c",2.9,510,431
"1573","302",0.3,510,431
"1574","265",0.2,510,431
"1575","393c",1.2,510,431
"1576","337b",0.3,510,431
"1577","324b",1.5,510,431
"1578","95c",0.4,510,431
"1579","309b",0.1,510,431
"1580","320c",0.4,510,431
"1581","308c",0.2,510,431
"1582","307d",0.8,510,431
"1583","398",0.2,510,431
"1584","260b",1.1,510,431
"1585","336b",0.1,510,431
"1586","394",7.2,510,431
"1587","397",0.3,510,431
"1588","262c",0.5,510,431
"1589","264b",0.2,510,431
"1590","249",0.1,510,431
"1591","335b",22.8,510,431
"1592","368b",0.2,510,431
"1593","248",0.2,510,431
"1594","396",1.2,510,431
"1595","395b",22.7,510,431
"1596","63b",1,510,431
"1597","344",0.1,510,431
"1598","281",0.2,510,431
"1599","112c",0.7,510,431
"1600","110",0.1,510,431
"1601","111",0.1,510,431
"1602","317b",0.9,510,431
"1603","314c",4.6,510,431
"1604","64b",0.1,510,431
"1605","62",0.5,510,431
"1606","91b",0.1,510,431
"1607","231c",0.6,510,431
"1608","280b",0.8,510,431
"1609","233d",6.4,510,431
"1610","778",0.2,510,431
"1611","218b",0.7,510,431
"1612","219b",5.8,510,431
"1613","118d",0.8,510,431
"1614","119",0.2,510,431
"1615","83",0.1,510,431
"1616","230c",3.8,510,431
"1617","81",0.4,510,431
"1618","134",0.6,510,431
"1619","133",9,510,431
"1620","215",0.1,510,431
"1621","216",0.2,510,431
"1622","227",0.1,510,431
"1623","234b",0.5,510,431
"1624","236",0.4,510,431
"1625","213",1.3,510,431
"1626","401c",3,510,431
"1627","228b",0.3,510,431
"1628","212d",0.5,510,431
"1629","136b",0.1,510,431
"1630","179b",0.1,510,431
"1631","191",0.1,510,431
"1632","173",0.3,510,431
"1633","172",1.4,510,431
"1634","382d",1.9,510,431
"1635","190",0.2,510,431
"1636","171b",0.7,510,431
"1637","174",0.4,510,431
"1638","175",0.2,510,431
"1639","77c",0.7,510,431
"1640","3b",1.5,510,431
"1641","176b",0.4,510,431
"1642","383b",2.8,510,431
"1643","78",0.4,510,431
"1644","177d",0.3,510,431
"1645","131c",0.1,510,431
"1646","86c",0.7,510,431
"1647","855",0.1,510,431
"1648","152c",0.1,510,431
"1649","203",2.1,510,431
"1650","106c",0.3,510,431
"1651","139c",3.7,510,431
"1652","204",0.1,510,431
"1653","108b",28.3,510,431
"1654","155b",0.1,510,431
"1655","202",0.9,510,431
"1656","156",0.3,510,431
"1657","854",0.1,510,431
"1658","205",0.1,510,431
"1659","200b",122.5,510,431
"1660","206",0.1,510,431
"1661","879",0.4,510,431
"1662","151b",0.4,510,431
"1663","207",0.1,510,431
"1664","208b",0.1,510,431
"1665","23c",1.7,510,431
"1666","158",0.1,510,431
"1667","852",0.1,510,431
"1668","209",0.1,510,431
"1669","238b",5.9,510,431
"1670","45b",0.1,510,431
"1671","201",2.7,510,431
"1672","255b",0.4,510,431
"1673","853",0.1,510,431
"1674","107b",11.4,510,431
"1675","16c",0.3,510,431
"1676","502",3.5,510,431
"1677","712",0.6,510,431
"1678","252d",0.4,510,431
"1679","239b",1.1,510,431
"1680","120",1,510,431
"1681","122",0.5,510,431
"1682","250",0.05,510,431
"1683","121",0.5,510,431
"1684","124",0.3,510,431
"1685","19c",0.2,510,431
"1686","126",24.8,510,431
"1687","123b",0.4,510,431
"1688","127",0.3,510,431
"1689","183",0.2,510,431
"1690","128d",0.3,510,431
"1691","724",0.5,510,431
"1692","251c",4.3,510,431
"1693","271",0.1,510,431
"1694","142b",2.9,510,431
"1695","141b",0.2,510,431
"1696","140c",2.3,510,431
"1697","148",12,510,431
"1698","595",66.9,510,431
"1699","25c",0.3,510,431
"1700","884",37.4,510,431
"1701","59",0.3,510,431
"1702","71b",1,510,431
"1703","70",0.3,510,431
"1704","274",0.3,510,431
"1705","160",102.8,510,431
"1706","273b",0.4,510,431
"1707","197",0.1,510,431
"1708","164b",2.4,510,431
"1709","199c",0.7,510,431
"1710","163c",2.2,510,431
"1711","185",0.8,510,431
"1712","211c",0.6,510,431
"1713","225d",0.1,510,431
"1714","539",1.7,510,431
"1715","220d",0.3,510,431
"1716","187",0.1,510,431
"1717","541",1.7,510,431
"1718","540",1,510,431
"1719","224b",11.6,510,431
"1720","542",1,510,431
"1721","545",1.2,510,431
"1722","165b",2.9,510,431
"1723","543",0.2,510,431
"1724","223d",1.8,510,431
"1725","189b",2.8,510,431
"1726","544",1.2,510,431
"1727","195c",0.5,510,431
"1728","849",1.9,510,431
"1729","198c",1.1,510,431
"1730","547",6,510,431
"1731","221d",2.8,510,431
"1732","546",0.2,510,431
"1733","193b",14.2,510,431
"1734","82b",0.1,430,301
"1735","328",1.2,300,131
"1736","293",0.1,300,131
"1737","292",1.3,300,131
"1738","399",7.6,300,131
"1739","240b",0.3,300,131
"1740","20",0.1,300,131
"1741","13",2.1,300,131
"1742","257",0.7,300,131
"1743","259b",1,300,131
"1744","182",0.4,300,131
"1745","46",5,300,131
"1746","186",0.1,300,131
