id,name,group,first_year,last_year,max_size,n_periods,duration
0,Göttingen,germanic,1250.0,1675.0,8000.0,6,425.0
1017,Bydgoszcz,slavic,1250.0,1675.0,5000.0,6,425.0
10318,Schmalkalden,germanic,1250.0,1675.0,2000.0,6,425.0
1036,Brugge,dutch,1250.0,1675.0,40000.0,6,425.0
1050,Brussel,dutch,1250.0,1675.0,63000.0,6,425.0
10539,Odense,danish,1250.0,1675.0,5000.0,6,425.0
10545,Svendborg,danish,1250.0,1675.0,2000.0,6,425.0
10547,Weimar,germanic,1250.0,1675.0,5000.0,6,425.0
10688,Lund,danish,1250.0,1675.0,2000.0,6,425.0
10698,Malmö,danish,1250.0,1675.0,5000.0,6,425.0
1127,Burg (bei Magdeburg),germanic,1250.0,1675.0,3000.0,6,425.0
11709,Roskilde,danish,1250.0,1675.0,8000.0,6,425.0
1177,Celle,germanic,1250.0,1675.0,3000.0,6,425.0
11861,Edam,dutch,1250.0,1675.0,5000.0,6,425.0
11862,Alkmaar,dutch,1250.0,1675.0,14000.0,6,425.0
11875,Potsdam,germanic,1250.0,1675.0,1000.0,6,425.0
1190,Chemnitz,germanic,1250.0,1675.0,5000.0,6,425.0
11913,Goes,dutch,1250.0,1675.0,3000.0,6,425.0
11915,Zierikzee,dutch,1250.0,1675.0,11000.0,6,425.0
11918,Helmond,dutch,1250.0,1675.0,3000.0,6,425.0
1234,Clausthal,germanic,1450.0,1675.0,4000.0,4,225.0
1238,Coburg,germanic,1250.0,1675.0,4000.0,6,425.0
1239,Coesfeld,dutch,1250.0,1675.0,2000.0,6,425.0
1251,Cottbus,germanic,1250.0,1675.0,4000.0,6,425.0
12882,Bottrop,dutch,1350.0,1675.0,1000.0,5,325.0
132,Olsztyn,slavic,1350.0,1675.0,1000.0,5,325.0
1333,Gdańsk,slavic,1250.0,1675.0,45000.0,6,425.0
1374,Delft,dutch,1250.0,1675.0,25000.0,6,425.0
1388,Dendermonde,dutch,1250.0,1675.0,9000.0,6,425.0
1401,Dessau,germanic,1250.0,1675.0,4000.0,6,425.0
1417,Deventer,dutch,1250.0,1675.0,8000.0,6,425.0
1436,Diest,dutch,1250.0,1675.0,6000.0,6,425.0
1444,Dinant,dutch,1250.0,1675.0,6000.0,6,425.0
1467,Döbeln,germanic,1250.0,1675.0,2000.0,6,425.0
1521,Dordrecht,dutch,1250.0,1675.0,20000.0,6,425.0
1537,Tartu,germanic,1250.0,1675.0,5000.0,6,425.0
1545,Dortmund,germanic,1250.0,1675.0,9000.0,6,425.0
1570,Dresden,germanic,1250.0,1675.0,22000.0,6,425.0
1611,Duisburg,dutch,1250.0,1675.0,3000.0,6,425.0
1619,Daugavpils,germanic,1575.0,1675.0,1000.0,2,100.0
1633,Düren,dutch,1250.0,1675.0,4000.0,6,425.0
1639,Düsseldorf,dutch,1250.0,1675.0,7000.0,6,425.0
1682,Eeklo,dutch,1250.0,1675.0,4000.0,6,425.0
1687,Cheb,germanic,1250.0,1675.0,6000.0,6,425.0
1721,Eilenburg,germanic,1250.0,1675.0,2000.0,6,425.0
1728,Eindhoven,dutch,1250.0,1675.0,2000.0,6,425.0
1737,Eisenach,germanic,1250.0,1675.0,6000.0,6,425.0
1741,Lutherstadt Eisleben,germanic,1250.0,1675.0,9000.0,6,425.0
1748,Elberfeld,dutch,1250.0,1675.0,3000.0,6,425.0
1750,Elbląg,slavic,1250.0,1675.0,15000.0,6,425.0
17567,Ieper,dutch,1250.0,1675.0,11000.0,6,425.0
17568,Mons,dutch,1250.0,1675.0,16000.0,6,425.0
17569,Kortrijk,dutch,1250.0,1675.0,10000.0,6,425.0
17570,Nieuwpoort (Vlaanderen),dutch,1250.0,1675.0,6000.0,6,425.0
17571,Lens,dutch,1250.0,1675.0,1000.0,6,425.0
17573,Poperinge,dutch,1250.0,1675.0,4000.0,6,425.0
17574,Oostende,dutch,1250.0,1675.0,6000.0,6,425.0
17578,Geraardsbergen ,dutch,1250.0,1675.0,5000.0,6,425.0
17582,Valenciennes,dutch,1250.0,1675.0,17000.0,6,425.0
17588,Lille,dutch,1250.0,1675.0,45000.0,6,425.0
17589,Torhout,dutch,1250.0,1675.0,2000.0,6,425.0
17592,Sint-Niklaas,dutch,1250.0,1675.0,3000.0,5,425.0
17594,Roeselare,dutch,1250.0,1675.0,4000.0,6,425.0
17596,Soignies,dutch,1250.0,1675.0,3000.0,6,425.0
17598,Enghien,dutch,1250.0,1675.0,5000.0,6,425.0
17605,Arras,dutch,1250.0,1675.0,30000.0,6,425.0
17606,Bailleul,dutch,1250.0,1675.0,2000.0,6,425.0
17608,Hondschoote,dutch,1250.0,1675.0,12000.0,6,425.0
17610,Condé-sur-l&#39;Escaut,dutch,1250.0,1675.0,2000.0,6,425.0
17611,Douai,dutch,1250.0,1675.0,12000.0,6,425.0
17612,Veurne,dutch,1250.0,1675.0,2000.0,6,425.0
17620,Tielt,dutch,1250.0,1675.0,2000.0,6,425.0
17622,Dunkerque,dutch,1250.0,1675.0,11000.0,6,425.0
17625,Saint-Omer,dutch,1250.0,1675.0,11000.0,6,425.0
17627,Menen,dutch,1250.0,1675.0,3000.0,6,425.0
17630,Comines,dutch,1250.0,1675.0,2000.0,6,425.0
17632,Tournai,dutch,1250.0,1675.0,40000.0,6,425.0
17633,Oudenaarde,dutch,1250.0,1675.0,7000.0,6,425.0
17634,Bergues,dutch,1250.0,1675.0,2000.0,6,425.0
17635,Tourcoing,dutch,1250.0,1675.0,9000.0,6,425.0
17670,Ath,dutch,1250.0,1675.0,5000.0,6,425.0
17672,Cambrai,dutch,1250.0,1675.0,12000.0,6,425.0
17673,Le Cateau-Cambrésis,dutch,1250.0,1675.0,2000.0,6,425.0
17674,Béthune,dutch,1250.0,1675.0,4000.0,6,425.0
17677,Armentières,dutch,1250.0,1675.0,3000.0,6,425.0
17683,Bourbourg,dutch,1250.0,1675.0,2000.0,6,425.0
17685,Binche,dutch,1250.0,1675.0,2000.0,6,425.0
17705,Temse,dutch,1250.0,1675.0,3000.0,6,425.0
17715,Arlon,germanic,1250.0,1675.0,2000.0,6,425.0
17734,Eupen,dutch,1250.0,1675.0,3000.0,6,425.0
1790,Emden,germanic,1250.0,1675.0,15000.0,6,425.0
1793,Emmerich,dutch,1250.0,1675.0,5000.0,6,425.0
1811,Enkhuizen,dutch,1250.0,1675.0,20000.0,6,425.0
18118,Turku,germanic,1250.0,1675.0,4000.0,6,425.0
18124,Helsinki,germanic,1525.0,1675.0,1000.0,3,150.0
18125,Pori,germanic,1575.0,1675.0,1000.0,2,100.0
18126,Oulu,germanic,1575.0,1675.0,1000.0,2,100.0
1813,Enschede,dutch,1250.0,1675.0,1000.0,6,425.0
1826,Erfurt,germanic,1250.0,1675.0,19000.0,6,425.0
1831,Erlangen,germanic,1250.0,1675.0,1000.0,6,425.0
18426,Oppenheim,germanic,1250.0,1675.0,5000.0,6,425.0
18436,Worms,germanic,1250.0,1675.0,17000.0,6,425.0
18508,Bad Kreuznach,germanic,1250.0,1675.0,4000.0,6,425.0
1858,Eschweiler,dutch,1250.0,1675.0,2000.0,6,425.0
186,Altenburg ,germanic,1250.0,1675.0,5000.0,6,425.0
1865,Essen,dutch,1250.0,1675.0,3000.0,6,425.0
18662,Heidelberg,germanic,1250.0,1675.0,10000.0,6,425.0
18686,Darmstadt,germanic,1250.0,1675.0,2000.0,6,425.0
18726,Mannheim,germanic,1250.0,1675.0,4000.0,6,425.0
19197,Ronse,dutch,1250.0,1675.0,4000.0,6,425.0
1962,Flensburg,danish,1250.0,1675.0,6000.0,6,425.0
1983,Frjentsjer,dutch,1250.0,1675.0,4000.0,6,425.0
1987,Frankfurt am Main,germanic,1250.0,1675.0,24000.0,6,425.0
1988,Frankfurt (Oder),slavic,1250.0,1675.0,13000.0,6,425.0
1997,Wschowa,slavic,1250.0,1675.0,2000.0,6,425.0
2002,Freiberg,germanic,1250.0,1675.0,12000.0,6,425.0
2048,Fulda,germanic,1250.0,1675.0,6000.0,6,425.0
2058,Fürth,germanic,1250.0,1675.0,3000.0,6,425.0
2159,Gent,dutch,1250.0,1675.0,64000.0,6,425.0
2164,Gera,germanic,1250.0,1675.0,3000.0,6,425.0
2194,Gießen,germanic,1250.0,1675.0,4000.0,6,425.0
2218,Kłodzko,slavic,1250.0,1675.0,7000.0,6,425.0
2234,Głogów,slavic,1250.0,1675.0,12000.0,6,425.0
2242,Gniezno,slavic,1250.0,1675.0,5000.0,6,425.0
2267,Złotoryja ,slavic,1250.0,1675.0,2000.0,6,425.0
2305,Gorinchem,dutch,1250.0,1675.0,9000.0,6,425.0
2313,Görlitz,slavic,1250.0,1675.0,10000.0,6,425.0
2337,Goslar ,germanic,1250.0,1675.0,12000.0,6,425.0
2347,Gotha,germanic,1250.0,1675.0,5000.0,6,425.0
2352,Gouda,dutch,1250.0,1675.0,15000.0,6,425.0
2394,Grudziądz,slavic,1250.0,1675.0,3000.0,6,425.0
2409,Greifswald,danish,1250.0,1675.0,8000.0,6,425.0
2430,Grimma,germanic,1250.0,1675.0,3000.0,6,425.0
244,Amersfoort,dutch,1250.0,1675.0,9000.0,6,425.0
2444,Hrodna,slavic,1250.0,1675.0,5000.0,6,425.0
2456,Groningen,dutch,1250.0,1675.0,21000.0,6,425.0
250,Amsterdam,dutch,1250.0,1675.0,104000.0,6,425.0
253,Andernach,germanic,1250.0,1675.0,3000.0,6,425.0
258,Anklam,germanic,1250.0,1675.0,5000.0,6,425.0
2602,Großenhain,germanic,1250.0,1675.0,2000.0,6,425.0
2647,Zielona Góra,slavic,1250.0,1675.0,10000.0,6,425.0
266,nan,,1250.0,1675.0,4000.0,6,425.0
2671,Gubin,slavic,1250.0,1675.0,4000.0,6,425.0
268,Antwerpen,dutch,1250.0,1675.0,56000.0,6,425.0
2705,Güstrow,germanic,1250.0,1675.0,2000.0,6,425.0
2712,Den Haag,dutch,1250.0,1675.0,20000.0,6,425.0
2717,Haarlem,dutch,1250.0,1675.0,39000.0,6,425.0
272,Apeldoorn,dutch,1250.0,1675.0,2000.0,6,425.0
2737,Hagen,germanic,1450.0,1675.0,1000.0,4,225.0
2758,Halberstadt,germanic,1250.0,1675.0,12000.0,6,425.0
2765,Halle (Saale),germanic,1250.0,1675.0,10000.0,6,425.0
2777,Hamburg,germanic,1250.0,1675.0,53000.0,6,425.0
2778,Hameln,germanic,1250.0,1675.0,2000.0,6,425.0
2781,Hamm (Lippe),germanic,1250.0,1675.0,3000.0,6,425.0
2791,Hanau,germanic,1250.0,1675.0,2000.0,6,425.0
2795,Hannover,germanic,1250.0,1675.0,9000.0,6,425.0
2802,Harburg,germanic,1250.0,1675.0,2000.0,6,425.0
2807,Harderwijk,dutch,1250.0,1675.0,4000.0,6,425.0
2816,Harns,dutch,1250.0,1675.0,9000.0,6,425.0
2855,Hasselt,dutch,1250.0,1675.0,5000.0,6,425.0
2885,Heerlen,dutch,1250.0,1675.0,1000.0,6,425.0
2898,nan,,1250.0,1675.0,10000.0,6,425.0
2907,nan,,1250.0,1675.0,6000.0,6,425.0
2945,Helmstedt,germanic,1250.0,1675.0,3000.0,6,425.0
296,Arnhem,dutch,1250.0,1675.0,7000.0,6,425.0
2978,Herford,germanic,1250.0,1675.0,4000.0,6,425.0
2984,Herne,germanic,1250.0,1450.0,1000.0,2,200.0
2996,Bad Hersfeld,germanic,1250.0,1675.0,6000.0,6,425.0
3017,&#39;s-Hertogenbosch,dutch,1250.0,1675.0,18000.0,6,425.0
3050,Hildesheim,germanic,1250.0,1675.0,10000.0,6,425.0
3061,Hilversum,dutch,1250.0,1675.0,2000.0,6,425.0
3090,Hof (Saale),germanic,1250.0,1675.0,3000.0,6,425.0
317,Aschaffenburg,germanic,1250.0,1675.0,2000.0,6,425.0
3190,Hoogeveen,dutch,1625.0,1675.0,1000.0,1,50.0
3196,Hoorn,dutch,1250.0,1675.0,16000.0,6,425.0
322,Aschersleben,germanic,1250.0,1675.0,3000.0,6,425.0
3246,Hückeswagen,germanic,1250.0,1675.0,2000.0,6,425.0
3280,Husum,danish,1250.0,1675.0,7000.0,6,425.0
3284,Huy,dutch,1250.0,1675.0,7000.0,6,425.0
3285,Ibbenbüren,germanic,1250.0,1675.0,2000.0,6,425.0
3339,Iserlohn,germanic,1250.0,1675.0,2000.0,6,425.0
3411,Jena ,germanic,1250.0,1675.0,3000.0,6,425.0
3491,Kalisz,slavic,1250.0,1675.0,3000.0,6,425.0
3541,Kampen ,dutch,1250.0,1675.0,7000.0,6,425.0
355,Ústí nad Labem,germanic,1250.0,1675.0,2000.0,6,425.0
3580,Kassel,germanic,1250.0,1675.0,8000.0,6,425.0
3605,Kazimierz Dolny,slavic,1250.0,1675.0,5000.0,6,425.0
3624,Kempten,germanic,1250.0,1675.0,5000.0,6,425.0
3646,Kiel,danish,1250.0,1675.0,4000.0,6,425.0
3801,Kleve,dutch,1250.0,1675.0,4000.0,6,425.0
3852,Koblenz,germanic,1250.0,1675.0,4000.0,6,425.0
3880,Kołobrzeg,danish,1250.0,1675.0,6000.0,6,425.0
3883,Kolín,slavic,1250.0,1675.0,2000.0,6,425.0
3888,Köln,dutch,1250.0,1675.0,45000.0,6,425.0
3911,Kaliningrad,slavic,1250.0,1675.0,23000.0,6,425.0
3927,Königswinter,dutch,1250.0,1675.0,3000.0,6,425.0
3946,København,danish,1250.0,1675.0,51000.0,6,425.0
3976,Koszalin,danish,1250.0,1675.0,3000.0,6,425.0
3990,Köthen,germanic,1250.0,1675.0,3000.0,6,425.0
4000,Kaunas,slavic,1250.0,1675.0,3000.0,6,425.0
4015,Kraków,slavic,1250.0,1675.0,29000.0,6,425.0
403,Bamberg,germanic,1250.0,1675.0,12000.0,6,425.0
4038,Krefeld,dutch,1250.0,1675.0,1000.0,6,425.0
4135,Chełmno,slavic,1250.0,1675.0,4000.0,6,425.0
4168,Kostrzyn nad Odrą,slavic,1250.0,1675.0,3000.0,6,425.0
4220,Gorzów Wielkopolski,slavic,1250.0,1675.0,3000.0,6,425.0
4249,Bad Langensalza,germanic,1250.0,1675.0,5000.0,6,425.0
4276,Lubań,slavic,1250.0,1675.0,3000.0,6,425.0
4309,Leer,germanic,1250.0,1675.0,4000.0,6,425.0
4314,Ljouwert,dutch,1250.0,1675.0,16000.0,6,425.0
4329,Leiden,dutch,1250.0,1675.0,67000.0,6,425.0
4337,Leipzig,germanic,1250.0,1675.0,18000.0,6,425.0
4349,Lviv,slavic,1250.0,1675.0,15000.0,6,425.0
4410,Liepāja,germanic,1250.0,1675.0,1000.0,6,425.0
4436,Legnica,slavic,1250.0,1675.0,8000.0,6,425.0
4442,Lier,dutch,1250.0,1675.0,5000.0,6,425.0
4502,Lippstadt,germanic,1250.0,1675.0,3000.0,6,425.0
4589,Leuven,dutch,1250.0,1675.0,20000.0,6,425.0
4604,Lübeck,germanic,1250.0,1675.0,25000.0,6,425.0
4612,Lublin,slavic,1250.0,1675.0,5000.0,6,425.0
4653,Lüneburg,germanic,1250.0,1675.0,14000.0,6,425.0
4680,Liège,dutch,1250.0,1675.0,37000.0,6,425.0
4697,Maassluis,dutch,1250.0,1675.0,2000.0,6,425.0
4698,Maastricht,dutch,1250.0,1675.0,18000.0,6,425.0
4705,Magdeburg,germanic,1250.0,1675.0,25000.0,6,425.0
4716,Mainz,germanic,1250.0,1675.0,18000.0,6,425.0
4746,Marburg,germanic,1250.0,1675.0,3000.0,6,425.0
4753,Marienberg,germanic,1250.0,1675.0,5000.0,6,425.0
4754,Malbork,slavic,1250.0,1675.0,5000.0,5,425.0
476,Bautzen,germanic,1250.0,1675.0,5000.0,6,425.0
4769,Kwidzyn,slavic,1250.0,1675.0,3000.0,6,425.0
479,Bayreuth,germanic,1250.0,1675.0,3000.0,6,425.0
4816,Mechelen,dutch,1250.0,1675.0,25000.0,6,425.0
485,Beckum (Werse),germanic,1250.0,1675.0,2000.0,6,425.0
4850,Meiningen,germanic,1250.0,1675.0,5000.0,6,425.0
4853,Meißen,germanic,1250.0,1675.0,3000.0,6,425.0
4871,Klaipėda,germanic,1250.0,1675.0,3000.0,6,425.0
4872,nan,,1250.0,1675.0,6000.0,6,425.0
4880,Meppel,dutch,1250.0,1675.0,2000.0,6,425.0
4891,Merseburg,germanic,1250.0,1675.0,5000.0,6,425.0
4958,Minden,germanic,1250.0,1675.0,4000.0,6,425.0
4962,Minsk,slavic,1250.0,1675.0,10000.0,6,425.0
4969,Jelgava,germanic,1250.0,1675.0,4000.0,6,425.0
50,Einbeck,germanic,1250.0,1675.0,7000.0,6,425.0
5035,Mönchengladbach,dutch,1250.0,1675.0,1000.0,6,425.0
5064,Moskva,germanic,1250.0,1675.0,102000.0,6,425.0
5108,nan,,1250.0,1675.0,20000.0,6,425.0
5113,Münster (Westfalen),germanic,1250.0,1675.0,16000.0,6,425.0
5147,Namur,dutch,1250.0,1675.0,10000.0,6,425.0
5153,Narva,germanic,1250.0,1675.0,1000.0,6,425.0
5160,Nauen,germanic,1250.0,1675.0,2000.0,6,425.0
5165,Naumburg (Saale),germanic,1250.0,1675.0,8000.0,6,425.0
5194,Nysa,slavic,1250.0,1675.0,6000.0,6,425.0
5224,Neubrandenburg,germanic,1250.0,1675.0,2000.0,6,425.0
5297,Neuruppin,germanic,1250.0,1675.0,4000.0,6,425.0
5304,Neuss,dutch,1250.0,1675.0,3000.0,6,425.0
5424,Nijkerk,dutch,1250.0,1675.0,1000.0,6,425.0
5430,Nijmegen,dutch,1250.0,1675.0,12000.0,6,425.0
5438,Nivelles,dutch,1250.0,1675.0,6000.0,6,425.0
5453,Norden,germanic,1250.0,1675.0,2000.0,6,425.0
5460,Nordhausen,germanic,1250.0,1675.0,7000.0,6,425.0
5474,Veliky Novgorod,germanic,1250.0,1675.0,40000.0,6,425.0
5492,Nürnberg,germanic,1250.0,1675.0,40000.0,6,425.0
5622,Oldenburg (Holstein),danish,1250.0,1675.0,2000.0,6,425.0
5623,Oldenburg (Oldenburg),germanic,1250.0,1675.0,3000.0,6,425.0
5639,Olkusz,slavic,1250.0,1675.0,5000.0,6,425.0
565,Bergen op Zoom,dutch,1250.0,1675.0,2000.0,6,425.0
5675,Opole,slavic,1250.0,1675.0,4000.0,6,425.0
5704,Osnabrück,germanic,1250.0,1675.0,9000.0,6,425.0
573,Bergisch Gladbach,dutch,1450.0,1675.0,1000.0,4,225.0
579,Berlin,germanic,1250.0,1675.0,23000.0,6,425.0
5801,Paderborn,germanic,1250.0,1675.0,7000.0,6,425.0
586,Bernburg,germanic,1250.0,1675.0,4000.0,6,425.0
5937,Plzeň,germanic,1250.0,1675.0,12000.0,6,425.0
5949,Pirna,germanic,1250.0,1675.0,2000.0,6,425.0
5972,Plauen,germanic,1250.0,1675.0,2000.0,6,425.0
5978,Pskov,germanic,1250.0,1675.0,20000.0,6,425.0
5982,Płock,slavic,1250.0,1675.0,5000.0,6,425.0
6074,Poznań,slavic,1250.0,1675.0,20000.0,6,425.0
6092,Praha,germanic,1250.0,1675.0,60000.0,6,425.0
6104,Prenzlau,germanic,1250.0,1675.0,4000.0,6,425.0
6148,Przemyśl,slavic,1250.0,1675.0,6000.0,6,425.0
6195,Quedlinburg,germanic,1250.0,1675.0,7000.0,6,425.0
6221,Radevormwald,germanic,1250.0,1675.0,1000.0,6,425.0
6226,Radom,slavic,1250.0,1675.0,2000.0,6,425.0
627,Beveren,dutch,1250.0,1675.0,3000.0,6,425.0
6297,Recklinghausen,dutch,1250.0,1675.0,2000.0,6,425.0
6313,nan,,1250.0,1675.0,22000.0,6,425.0
6331,Reichenbach,germanic,1250.0,1675.0,2000.0,6,425.0
6334,Liberec,slavic,1350.0,1675.0,4000.0,5,325.0
6364,Rendsburg,danish,1250.0,1675.0,2000.0,6,425.0
6387,Tallinn,germanic,1250.0,1675.0,10000.0,6,425.0
6398,Rheine,germanic,1250.0,1675.0,2000.0,6,425.0
6401,Rheydt,dutch,1250.0,1675.0,1000.0,6,425.0
6425,Rīga,germanic,1250.0,1675.0,13000.0,6,425.0
6477,Roermond,dutch,1250.0,1675.0,7000.0,6,425.0
65,Aachen,dutch,1250.0,1675.0,23000.0,6,425.0
6517,Roosendaal,dutch,1250.0,1675.0,3000.0,6,425.0
652,Bielefeld,germanic,1250.0,1675.0,3000.0,6,425.0
6545,Rostock,danish,1250.0,1675.0,15000.0,6,425.0
6554,nan,,1250.0,1675.0,6000.0,6,425.0
6562,Rotterdam,dutch,1250.0,1675.0,45000.0,6,425.0
6653,Rzeszów,slavic,1450.0,1675.0,3000.0,4,225.0
6686,Żagań,slavic,1250.0,1675.0,4000.0,6,425.0
6705,Salzgitter-Bad,germanic,1250.0,1675.0,1000.0,6,425.0
6712,Salzwedel,germanic,1250.0,1675.0,7000.0,6,425.0
6728,Sandomierz,slavic,1250.0,1675.0,5000.0,6,425.0
679,Bingen,germanic,1250.0,1675.0,2000.0,6,425.0
6791,Schaarbeek,dutch,1250.0,1450.0,1000.0,2,200.0
68,Aalborg,danish,1250.0,1675.0,6000.0,6,425.0
6820,Šiauliai,germanic,1250.0,1675.0,1000.0,6,425.0
6840,Schiedam,dutch,1250.0,1675.0,7000.0,6,425.0
6880,Schleswig,danish,1250.0,1675.0,4000.0,6,425.0
69,Aalst (Vlaanderen),dutch,1250.0,1675.0,7000.0,6,425.0
7018,Schwerin,germanic,1250.0,1675.0,3000.0,6,425.0
7115,Siegen,germanic,1250.0,1675.0,3000.0,6,425.0
7153,Sint-Truiden,dutch,1250.0,1675.0,5000.0,6,425.0
72,Aarhus,danish,1250.0,1675.0,5000.0,6,425.0
7216,Smolensk,slavic,1250.0,1675.0,50000.0,6,425.0
7220,Snits,dutch,1250.0,1675.0,4000.0,6,425.0
7230,Soest (Westfalen),germanic,1250.0,1675.0,12000.0,6,425.0
7242,Solingen,dutch,1250.0,1675.0,2000.0,6,425.0
7281,Spandau,germanic,1250.0,1675.0,2000.0,6,425.0
7321,Stade,germanic,1250.0,1675.0,3000.0,6,425.0
7340,Staraya Russa,germanic,1250.0,1675.0,5000.0,6,425.0
7343,Stargard,slavic,1250.0,1675.0,5000.0,6,425.0
7405,Stendal,germanic,1250.0,1675.0,6000.0,6,425.0
7413,Szczecin,slavic,1250.0,1675.0,12000.0,6,425.0
7442,Słupsk,slavic,1250.0,1675.0,4000.0,6,425.0
7461,Stralsund,danish,1250.0,1675.0,15000.0,6,425.0
752,Bochnia,slavic,1250.0,1675.0,5000.0,6,425.0
7529,Suhl,germanic,1250.0,1675.0,4000.0,6,425.0
755,Bochum,germanic,1250.0,1675.0,2000.0,6,425.0
7612,Tarnów,slavic,1250.0,1675.0,2000.0,6,425.0
7696,Toruń,slavic,1250.0,1675.0,20000.0,6,425.0
7714,Tiel,dutch,1250.0,1675.0,3000.0,6,425.0
7715,Tienen,dutch,1250.0,1675.0,9000.0,6,425.0
7719,Tilburg,dutch,1250.0,1675.0,5000.0,6,425.0
7722,Sovetsk,slavic,1250.0,1675.0,4000.0,6,425.0
7751,Tongeren,dutch,1250.0,1675.0,8000.0,6,425.0
7760,Torgau,germanic,1250.0,1675.0,6000.0,6,425.0
7767,Toropets,germanic,1250.0,1675.0,3000.0,6,425.0
7768,Torzhok,germanic,1250.0,1675.0,4000.0,6,425.0
7814,nan,,1250.0,1675.0,11000.0,6,425.0
7821,Trakai,slavic,1350.0,1675.0,3000.0,5,325.0
7850,Turnhout,dutch,1250.0,1675.0,5000.0,6,425.0
7912,nan,,1250.0,1675.0,21000.0,6,425.0
7919,Unna,germanic,1250.0,1675.0,5000.0,6,425.0
7944,Utrecht,dutch,1250.0,1675.0,30000.0,6,425.0
7984,Velbert,dutch,1250.0,1675.0,2000.0,6,425.0
7991,Velikiye Luki,germanic,1250.0,1675.0,1000.0,6,425.0
7992,Veliž,germanic,1350.0,1675.0,3000.0,5,325.0
8000,Venlo,dutch,1250.0,1675.0,6000.0,6,425.0
8005,Verden,germanic,1250.0,1675.0,4000.0,6,425.0
8038,Vitebsk,slavic,1250.0,1675.0,5000.0,6,425.0
8041,Vlaardingen,dutch,1250.0,1675.0,3000.0,6,425.0
818,Bonn,dutch,1250.0,1675.0,5000.0,6,425.0
8185,Warburg,germanic,1250.0,1675.0,5000.0,6,425.0
8205,Warszawa,slavic,1250.0,1675.0,13000.0,6,425.0
8229,Wavre,dutch,1250.0,1675.0,2000.0,6,425.0
8242,Weert,dutch,1250.0,1675.0,6000.0,6,425.0
8272,Weißenfels,germanic,1250.0,1675.0,3000.0,6,425.0
8323,Werden,dutch,1250.0,1675.0,2000.0,6,425.0
8345,Wesel,dutch,1250.0,1675.0,6000.0,6,425.0
8379,Wetzlar,germanic,1250.0,1675.0,6000.0,6,425.0
8428,Wiesbaden,germanic,1250.0,1675.0,1000.0,6,425.0
8461,Vilnius,slavic,1250.0,1675.0,40000.0,6,425.0
8488,Winterswijk,dutch,1250.0,1675.0,2000.0,6,425.0
8505,Wismar,germanic,1250.0,1675.0,9000.0,6,425.0
8513,Lutherstadt Wittenberg,germanic,1250.0,1675.0,4000.0,6,425.0
8580,Wolfenbüttel,germanic,1250.0,1675.0,6000.0,6,425.0
8597,Wolin,slavic,1250.0,1675.0,1000.0,6,425.0
8612,Warkum,dutch,1350.0,1675.0,3000.0,5,325.0
8654,Würzburg,germanic,1250.0,1675.0,12000.0,6,425.0
8704,Zamość,slavic,1575.0,1675.0,5000.0,2,100.0
8752,Zeitz,germanic,1250.0,1675.0,3000.0,6,425.0
8754,Zele,dutch,1250.0,1675.0,3000.0,6,425.0
8763,Zerbst,germanic,1250.0,1675.0,9000.0,6,425.0
8807,Zittau,slavic,1250.0,1675.0,7000.0,6,425.0
8819,Zoetermeer,dutch,1250.0,1675.0,1000.0,4,425.0
8827,Zomergem,dutch,1250.0,1675.0,3000.0,6,425.0
8844,Sulechów,slavic,1250.0,1675.0,3000.0,6,425.0
8853,Zutphen,dutch,1250.0,1675.0,6000.0,6,425.0
8862,Zwickau,germanic,1250.0,1675.0,6000.0,6,425.0
8866,Zwolle,dutch,1250.0,1675.0,11000.0,6,425.0
8876,Middelburg (Walcheren),dutch,1250.0,1675.0,27000.0,6,425.0
8901,Vlissingen,dutch,1350.0,1675.0,6000.0,5,325.0
8902,Ribe,danish,1250.0,1675.0,5000.0,6,425.0
8950,Częstochowa,slavic,1350.0,1675.0,3000.0,5,325.0
928,Brandenburg (Havel),germanic,1250.0,1675.0,7000.0,6,425.0
9340,Leszno,slavic,1350.0,1675.0,4000.0,5,325.0
9364,Dinaburgas pils,germanic,1250.0,1575.0,1000.0,4,325.0
941,Braniewo,slavic,1250.0,1675.0,5000.0,6,425.0
942,Braunschweig,germanic,1250.0,1675.0,18000.0,6,425.0
949,Breda,dutch,1250.0,1675.0,8000.0,6,425.0
9608,Randers,danish,1250.0,1675.0,2000.0,6,425.0
973,Bremen,germanic,1250.0,1675.0,24000.0,6,425.0
981,Wrocław,slavic,1250.0,1675.0,40000.0,6,425.0
983,Brest,slavic,1250.0,1675.0,2000.0,6,425.0
989,Brzeg,slavic,1250.0,1675.0,4000.0,6,425.0
