id,start,end,median,mean,q025,q975,q25,q75,iqr,med_lin,q025_lin,q975_lin,med_year,q025_year,q975_year,area
126,510.0,431.0,0.01194476716007653,0.0559581400360425,0.0,0.26157225047228105,0.0,0.0502765560404248,0.0502765560404248,0.06550802139037433,0.0,1.2894736842105263,1464.0,435.0,509.0,24.8
126,650.0,511.0,0.0,0.0,0.0,0.0,0.0,0.0,0.0,0.0,0.0,0.0,1368.5,513.475,644.525,0.3
126,800.0,651.0,-0.022921903415254574,-0.030279255450455435,-0.09538308692485666,-0.012849700293028447,-0.03345273208392596,-0.01667960935441043,0.016773122729515533,-0.24231746031746035,-1.047547169811321,-0.13514709331753147,1227.0,654.0,795.0,0.3
126,1100.0,801.0,0.0017464950448273786,0.0025495416707591646,0.000989945657011143,0.008133795525405704,0.001332860363088717,0.0025091012780330546,0.0011762409149443376,0.07596355850032321,0.043073820372664356,0.3526512096774186,999.0,809.475,1091.525,54.7
126,1350.0,1101.0,0.008969676845179464,0.01281981205193346,0.005044100854246075,0.034654720107247856,0.006820213762577687,0.014029685838669426,0.007209472076091739,0.1397092394569266,0.0787190082644628,0.5330057651991612,723.0,1105.0,1342.525,34.0
126,1500.0,1351.0,-0.014272363029421808,-0.020010662939117962,-0.061425432142340065,-0.008257294017156157,-0.019938349671701494,-0.011086198804340697,0.008852150867360797,-0.2855263157894737,-1.2591470588235294,-0.16469084860006916,523.0,1354.0,1496.525,5.5
126,1650.0,1501.0,-0.0009221113040854823,-0.0015133357229311433,-0.00394632725543442,-0.0005151501224718941,-0.0013374847723439665,-0.0006821847971486827,0.0006552999751952837,-0.047737433952039054,-0.20461111111111124,-0.026663742442819115,376.0,1505.0,1647.0,48.9
126,1750.0,1651.0,0.005171127768717643,0.00788279387438145,0.0028766338949136883,0.028045059932192112,0.003720522474414123,0.008203425791867947,0.0044829033174538235,0.17676767676767677,0.0984461544548188,0.9479166666666655,246.0,1652.0,1747.0,54.7
126,2049.0,1751.0,-0.001514801219993367,-0.002208274647161407,-0.007222050331779888,-0.0008543268755689309,-0.0023049472555285166,-0.0011580166427921368,0.0011469306127363799,-0.03972222222222222,-0.18992579908675797,-0.022395378015217744,50.0,1761.0,2036.0,19.7
126,2449.0,2050.0,0.0063016798534135665,0.008894978913559962,0.002829578732108584,0.033272873038541505,0.004514025461948901,0.009391317061673177,0.004877291599724276,0.09093723454459651,0.04090329359620969,0.4738197644649256,-313.5,2060.0,2436.525,34.0
126,3049.0,2450.0,,,0.008556201715488694,5.6332495807108,0.018404694060017657,0.11083988095680275,0.0924351868967851,,0.009681107954545458,2.1500000000000004,-682.5,2453.975,3025.0,4.4
133,510.0,431.0,5.428520718264718e-05,0.0002047065930114813,0.0,0.0011851264001342717,0.0,0.00025114867482411984,0.00025114867482411984,0.00048309178743961183,0.0,0.01054093567251457,1467.0,434.0,509.0,9.0
133,650.0,511.0,0.02374079507252458,0.031400798296350715,0.013360953475403536,0.08831302798669141,0.018207796709004187,0.03177898917699795,0.013571192467993765,0.059027777777777776,0.033390138648715414,0.21289868667917425,1370.0,515.0,645.525,8.8
133,800.0,651.0,0.0,0.0,0.0,0.0,0.0,0.0,0.0,0.0,0.0,0.0,1225.5,656.0,796.525,0.3
133,1100.0,801.0,0.0,0.0,0.0,0.0,0.0,0.0,0.0,0.0,0.0,0.0,1011.0,808.475,1088.525,0.3
133,1350.0,1101.0,-0.0052453705342100365,-0.0071172262929973616,-0.021560384773436136,-0.002762783047707243,-0.0074592866019838056,-0.003869290396577907,0.0035899962054058987,-0.0026809844172273013,-0.011111111111111112,-0.00141034057452057,715.0,1109.0,1343.0,0.3
133,1500.0,1351.0,-0.0050801051160284105,-0.006854256512073858,-0.020457120557141776,-0.0028562660177979403,-0.007153073184853143,-0.003938672230221818,0.0032144009546313246,-0.0060810810810810806,-0.024679054054054052,-0.00341524801244383,525.0,1352.475,1496.0,0.8
133,1650.0,1501.0,0.0,0.0,0.0,0.0,0.0,0.0,0.0,0.0,0.0,0.0,374.5,1503.475,1645.0,1.7
133,1750.0,1651.0,0.000642068309226973,0.0009526509881740979,0.00036071676440373456,0.003582491636717977,0.0004636746600035213,0.0010435703322693168,0.0005798956722657955,0.0010256410256410254,0.0005762906119194737,0.005714285714285713,248.0,1653.0,1748.0,1.7
133,2049.0,1751.0,-0.0012975100719410104,-0.0016880531341473327,-0.005085040803744564,-0.0007644201264598583,-0.0018505221192119392,-0.0010212252143458889,0.0008292969048660503,-0.002486187845303867,-0.009762113764044943,-0.0014643316808084662,52.0,1757.0,2039.0,1.5
133,2449.0,2050.0,0.007378950678769591,0.012757909479429863,0.003382617650639114,0.07375183180124661,0.005315250966411278,0.011974928226596848,0.00665967726018557,0.0065089327136017075,0.0029897295098637376,0.06299836601307181,-316.0,2060.0,2438.0,2.4
133,3049.0,2450.0,,,0.0015257423332300068,0.41421356237309515,0.003403559295737768,0.0171572313583917,0.013753672062653932,,0.00021995032872123085,0.05,-700.5,2455.0,3021.05,0.2
148,510.0,431.0,0.004304932660085914,0.017388032845299547,0.0,0.11115233429704241,0.0,0.02039451030049283,0.02039451030049283,0.023923444976076555,0.0,0.5882352941176471,1463.0,434.0,509.0,12.0
148,650.0,511.0,-0.004478430503371711,-0.006244427392170351,-0.017709020982391258,-0.0025285260077817064,-0.006663676560131004,-0.0034448800832882487,0.0032187964768427557,-0.012587412587412587,-0.0501081081081081,-0.007099919081261088,1370.0,514.0,646.0,2.0
148,800.0,651.0,-0.005664977829809403,-0.0076393161527969974,-0.025298416193626272,-0.0029664808656781894,-0.00850493423925025,-0.0040377089793466325,0.004467225259903618,-0.042494452978323945,-0.19166666666666665,-0.02222222222222222,1226.0,654.0,795.525,3.8
148,1100.0,801.0,0.002333750423923364,0.0035566272522361366,0.0013679416869647409,0.010956139278571815,0.001810507031474784,0.0033287420761387576,0.0015182350446639736,0.022302158273381296,0.013078847223767665,0.10425282485875703,1005.5,809.475,1092.0,13.0
148,1350.0,1101.0,0.008645654843184358,0.011650990364234044,0.0048628842537561615,0.03608705434164854,0.006739378425970166,0.01255733371159562,0.0058179552856254535,0.027791734397320328,0.01566132515414228,0.11444999999999989,727.0,1104.0,1343.525,6.8
148,1500.0,1351.0,-0.014470425173380153,-0.019665999581958325,-0.05894461273626861,-0.008324355652480953,-0.02016727711023167,-0.011355516905580676,0.008811760204650992,-0.06447368421052632,-0.2687274774774775,-0.03697468102073366,532.0,1354.475,1494.0,1.2
148,1650.0,1501.0,0.0,0.0,0.0,0.0,0.0,0.0,0.0,0.0,0.0,0.0,376.0,1503.0,1643.525,11.0
148,1750.0,1651.0,0.006241520970236669,0.008832186891096725,0.003363779274324785,0.03019764859433172,0.004415854227295513,0.00960113773105764,0.005185283503762128,0.03979354735323967,0.02147692612937863,0.19026981707317062,248.0,1654.0,1745.0,11.0
148,2049.0,1751.0,0.0018365266421564996,0.002548502753254932,0.0010781068725340237,0.00906877471564331,0.0013995969101284755,0.0026675138165513923,0.0012679169064229168,0.004426011233375675,0.0025992112723644406,0.021777119585338754,53.5,1758.0,2040.0,3.3
148,2449.0,2050.0,0.0,0.0,0.0,0.0,0.0,0.0,0.0,0.0,0.0,0.0,-307.0,2062.95,2440.0,1.7
148,3049.0,2450.0,,,0.005911547800444539,3.1231056256176606,0.013187819589053462,0.08964826316488361,0.07646044357583015,,0.0033285974183487827,0.7999999999999999,-688.0,2453.0,3023.0,1.7
160,510.0,431.0,0.0004962548260571964,0.0016824735446347274,0.0,0.008310138329393016,0.0,0.0021887061656971074,0.0021887061656971074,0.04625,0.0,0.7716711956521732,1467.0,434.0,509.0,102.8
160,650.0,511.0,0.0068978296910926495,0.009593742753008375,0.00395093167968778,0.03252858415198774,0.005296216055535208,0.009986422740600576,0.004690206685065368,0.36575342465753424,0.2098033811949977,1.70313636363636,1369.5,513.0,645.525,84.3
160,800.0,651.0,0.007100893916186957,0.010619923230497414,0.00396866897282549,0.04380064935727771,0.0053639106718309515,0.011315533399837763,0.005951622728006811,0.10881057268722466,0.06090879097488293,0.6592229729729726,1222.0,654.0,795.525,30.9
160,1100.0,801.0,0.0,0.0,0.0,0.0,0.0,0.0,0.0,0.0,0.0,0.0,997.0,807.475,1092.525,6.2
160,1350.0,1101.0,0.005644738059989329,0.007937894813515072,0.0032748537733255203,0.02081009912612694,0.004425001897751302,0.008202751081624271,0.0037777491838729693,0.020895522388059702,0.0121370755544418,0.07645833333333327,719.0,1106.475,1340.0,6.2
160,1500.0,1351.0,-0.010863270845283157,-0.01302772084856406,-0.03469999301500415,-0.006188720510782342,-0.014607402214068421,-0.008106492385939051,0.00650090982812937,-0.053608880491261224,-0.17333333333333334,-0.030468750000000003,523.0,1355.475,1496.0,2.0
160,1650.0,1501.0,0.0,0.0,0.0,0.0,0.0,0.0,0.0,0.0,0.0,0.0,374.5,1505.0,1647.0,9.8
160,1750.0,1651.0,0.002764469212681364,0.004091384664241325,0.0014722993694215702,0.013378348329420857,0.0019812977973348023,0.004464557444413264,0.002483259647078462,0.02105263157894737,0.011219431592861866,0.10134615384615381,249.0,1653.475,1745.0,9.8
160,2049.0,1751.0,0.0,0.0,0.0,0.0,0.0,0.0,0.0,0.0,0.0,0.0,55.5,1760.475,2042.05,5.8
160,2449.0,2050.0,,,0.013929545319175025,6.615773105863908,0.026327643884339724,0.17085734747509507,0.14452970359075534,,0.01941918576304242,2.85,-236.0,2051.0,2423.0,5.8
200,2449.0,2050.0,,,-1.0,0.0,-1.0,0.0,1.0,,-0.1,0.0,-226.0,2053.0,2426.0,0.1
334,510.0,431.0,-0.0007139912415588534,-0.002431379877521065,-0.01290691856277626,0.0,-0.003076732683055,0.0,0.003076732683055,-0.010999999999999996,-0.19999999999999993,0.0,1466.0,434.0,509.0,13.3
334,650.0,511.0,0.010353068680117206,0.013869912000122523,0.005914915022440681,0.04209877525244662,0.008057450801022659,0.015075230745834167,0.007017779944811509,0.09577464788732394,0.054838709677419356,0.3834444444444442,1366.0,516.0,645.0,17.7
334,800.0,651.0,0.01418092061515941,0.01824938050133802,0.007523007528068559,0.05162902550225357,0.010424541395477271,0.020795569453526397,0.010371028058049125,0.018181916974570743,0.009677419354838708,0.06499999999999999,1232.0,654.0,795.05,4.1
334,1100.0,801.0,-0.0024462862765056714,-0.0032409594890000816,-0.011397046851692018,-0.0014119434949458416,-0.0033920143736849706,-0.0019182331270662933,0.0014737812466186773,-0.000706713780918728,-0.003307377049180328,-0.00040768866277619836,1014.0,809.475,1093.0,0.2
334,1350.0,1101.0,0.0,0.0,0.0,0.0,0.0,0.0,0.0,0.0,0.0,0.0,723.0,1106.475,1342.0,0.4
334,1500.0,1351.0,-0.030603850521850218,-0.03911863538301165,-0.11866802636572754,-0.01688232894002134,-0.042298063424348276,-0.02309079458055663,0.019207268843791647,-0.2534246575342466,-1.03,-0.13882423756019263,527.0,1355.475,1496.0,0.4
334,1650.0,1501.0,0.0,0.0,0.0,0.0,0.0,0.0,0.0,0.0,0.0,0.0,375.0,1504.0,1644.0,37.4
334,1750.0,1651.0,0.013712281705917206,0.0196465012699342,0.007472733836763746,0.06805058649120246,0.009883606076123264,0.021249983924714222,0.011366377848590958,0.17979757302405497,0.09828714849768874,0.8691275797373347,249.0,1653.0,1747.525,37.4
334,2049.0,1751.0,0.001636352115980344,0.002233704307230268,0.000946757729071418,0.007689549564916751,0.0012621406043582528,0.0022986795819657235,0.0010365389776074707,0.0033379758588672243,0.0019319454817027636,0.01563851351351349,56.5,1760.0,2042.525,2.7
334,2449.0,2050.0,0.006105885690026902,0.009911522080221002,0.0027983146119896995,0.04203958495269398,0.004452906616082053,0.00959504349210416,0.0051421368760221076,0.00392749244712991,0.0018029297476146507,0.026568749999999978,-300.0,2062.95,2441.525,1.5
334,3049.0,2450.0,,,0.0014740795199814527,0.2599210498948732,0.0030182291028333363,0.01866623088111269,0.015648001778279352,,0.0002125081312565502,0.03333333333333333,-686.0,2456.0,3011.0,0.2
341,510.0,431.0,0.0023065163365194596,0.008930835093169909,0.0,0.04338538771210109,0.0,0.010779821611473173,0.010779821611473173,0.01910377358490566,0.0,0.35257411067193634,1465.0,434.975,509.0,13.0
341,650.0,511.0,-0.00014327134786107365,-0.00018217508196951272,-0.0006514879255735684,-7.875251289143627e-05,-0.0001947093395622268,-0.00010846561365646101,8.624372590576579e-05,-0.0007092198581560258,-0.003225806451612892,-0.000389827030642022,1366.0,514.0,646.0,4.9
341,800.0,651.0,0.017306039545195828,0.02516908278750148,0.009620913452112329,0.07841432292434199,0.013326791128117244,0.02683118877585311,0.013504397647735866,0.02149122807017544,0.011993063462575658,0.09455185185185169,1224.0,655.0,795.525,5.0
341,1100.0,801.0,-0.008263300446030353,-0.01142711014937638,-0.04066026515858819,-0.004745639706560257,-0.01185960656392604,-0.006358053550604925,0.005501553013321114,-0.0032432537724333167,-0.016224837662337663,-0.0018593199718255748,999.0,807.0,1091.525,0.1
341,1350.0,1101.0,-0.012167319820866829,-0.01755727025053353,-0.06959457049676596,-0.007154327612295747,-0.017426904963364742,-0.009381466560699575,0.008045438402665167,-0.055121951219512196,-0.3248402948402948,-0.03232965616045846,720.5,1104.475,1341.0,1.0
341,1500.0,1351.0,-0.0004483959933828663,-0.0005808948448780131,-0.0018530806382085147,-0.00024139985387772178,-0.000649407268802138,-0.0003369109751463206,0.0003124962936558173,-0.005694022289766963,-0.023548387096774155,-0.003065134099616854,522.0,1354.0,1496.525,12.3
341,1650.0,1501.0,0.0,0.0,0.0,0.0,0.0,0.0,0.0,0.0,0.0,0.0,378.0,1504.0,1644.525,13.1
341,1750.0,1651.0,0.0,0.0,0.0,0.0,0.0,0.0,0.0,0.0,0.0,0.0,250.5,1654.0,1747.0,13.1
341,2049.0,1751.0,0.00745434999476402,0.012258223626545129,0.0038166447469759777,0.04248391717048139,0.005627046599259,0.011364553672996491,0.005737507073737491,0.044624930054968565,0.022889469763251586,0.25,51.0,1761.0,2041.525,13.1
341,2449.0,2050.0,,,0.010182196901036117,12.201723455103652,0.02107183419218317,0.10065942607827366,0.07958759188609049,,0.006655038759689923,1.5249999999999773,-230.0,2052.0,2425.0,2.1
