start,end,median,mean,q025,q975,q25,q75,iqr,med_lin,q025_lin,q975_lin,med_year,q025_year,q975_year,area
510.0,431.0,0.0,0.013622134705772851,-0.004455678323155965,0.09372354772644242,0.0,0.006420636999639573,0.006420636999639573,0.0,-0.06874999999999998,0.6284482758620654,1465.0,434.0,509.0,174900.0
650.0,511.0,0.0018214721910497778,0.008072975095890292,-0.008415541023723397,0.04428354656630397,-0.00014327134786107365,0.012688249505451,0.012831520853312073,0.01486013986013986,-0.023700213371265995,0.7026315789473684,1369.0,514.0,646.0,59000.0
800.0,651.0,0.0018977040952421476,0.0026866358193474143,-0.04281231816055123,0.04543358255956423,-0.005658454848814026,0.013349413220328232,0.01900786806914226,0.004421768707482993,-0.44958677685950416,0.2287037037037037,1226.0,654.0,796.0,22200.0
1100.0,801.0,0.0,-0.0014269834525635267,-0.01597583898927273,0.005651568808101956,-0.0024462862765056714,0.0015410503503839879,0.003987336626889659,0.0,-0.006123497344143137,0.15336194029850758,1003.0,808.0,1092.0,37250.0
1350.0,1101.0,0.0014415168755494978,0.001289033447691947,-0.025802923933591293,0.025836973654493445,-0.005238357679571981,0.007704755956755571,0.012943113636327552,0.0053435114503816794,-0.10873452970297028,0.2766990291262136,721.0,1106.0,1342.0,24350.0
1500.0,1351.0,-0.011450139560788775,-0.016543028351600646,-0.0631002744783543,-0.0002943755449513057,-0.02013240716433007,-0.0050801051160284105,0.015052302048301658,-0.05864661654135339,-0.7115384615384616,-0.003493449781659384,525.0,1354.0,1496.0,11100.0
1650.0,1501.0,0.0,-0.00025222262048852387,-0.001600530974401762,0.0,0.0,0.0,0.0,0.0,-0.08288716356107666,0.0,376.0,1504.0,1645.0,60950.0
1750.0,1651.0,0.0037344256383158303,0.006900919614637966,0.0,0.03520139297063584,0.000642068309226973,0.008571601925508487,0.007929533616281514,0.02972972972972973,0.0,0.5225859339665316,249.0,1653.0,1747.0,63850.0
2049.0,1751.0,0.00043238292441560855,0.002190683817620265,-0.003610062621685392,0.015907148830878577,-0.0010774091528664709,0.002471126145214997,0.0035485352980814677,0.0008823529411764707,-0.07815281030444965,0.09403735632183916,53.0,1759.975,2040.0,23050.0
2449.0,2050.0,0.00520655627223765,0.11210104990268405,-1.0,0.5701330084113911,0.0,0.01830349740572057,0.01830349740572057,0.0052865071919949965,-0.025,0.5,-258.0,2054.0,2433.0,23950.0
3049.0,2450.0,0.016347658524665465,0.3270136802188889,0.00168330693213381,1.1315255132709487,0.0058914151736861875,0.0517504399440496,0.04585902477036341,0.006987032799389778,0.0002426456892738237,0.7166666666666668,-690.0,2454.0,3021.0,3450.0
